run_id,random_seed,model_type,config_type,acc_mean,acc_std,prec_mean,prec_std,rec_mean,rec_std,f1_mean,f1_std,tp_mean,tp_std,fp_mean,fp_std,param_n_estimators,param_max_depth,param_min_samples_leaf,param_min_samples_split,param_criterion,param_class_weight
0,0,rf,default,0.6182,0.008447484832777158,0.6278167946067448,0.012389686583212264,0.5727424789702068,0.006969074967149474,0.5988941327281037,0.004669882296421939,285.0,3.7416573867739413,169.2,10.49571341072154,,,,,,
1,1,rf,random,0.6246,0.014705101155721451,0.6527791535698113,0.016418332987290462,0.524123859623605,0.021045166051253252,0.5813651785720351,0.019167996675494674,260.8,10.380751417888783,138.6,5.238320341483518,87.0,6.0,4.0,6.0,gini,
2,2,rf,random,0.6312,0.025451129640941306,0.6567182160360572,0.02597251160375212,0.5406244697098253,0.03928315131673662,0.5928074224187421,0.03354557230225178,269.0,19.339079605813716,140.2,8.328265125462806,218.0,4.0,4.0,7.0,gini,balanced
3,3,rf,random,0.6366,0.017211623979160144,0.6692905161702152,0.020998973997024037,0.5329454639483486,0.020561158978680154,0.5933430011638853,0.020450449764398065,265.2,10.4,131.0,8.294576541331088,412.0,7.0,1.0,3.0,gini,
4,4,rf,random,0.6399999999999999,0.019758542456365567,0.6668568221435619,0.023908968356789954,0.5530645721719878,0.025675512996492962,0.6044457432326787,0.02292389444861148,275.2,12.671227249165726,137.6,12.2245654319489,172.0,7.0,3.0,9.0,entropy,balanced
5,5,rf,random,0.6432,0.007304792947099876,0.6657120697845583,0.00921822700722301,0.5687377275702408,0.016333885715840598,0.6132534062405616,0.010298400835841971,283.0,8.0,142.2,7.30479294709987,405.0,8.0,3.0,9.0,entropy,balanced
6,6,rf,random,0.6247999999999999,0.023777300099044066,0.6616374764831306,0.02828625133007988,0.5036176900762002,0.043386427635933256,0.5711024716462211,0.03470489667084661,250.6,21.60185177247543,128.2,15.58717421471897,444.0,5.0,2.0,5.0,entropy,
7,7,rf,random,0.637,0.01245792920191796,0.6620785017866303,0.010981994538791201,0.551860560956098,0.02431739205434277,0.601823975533885,0.0188220508537082,274.6,11.976643937263894,140.0,3.286335345030997,225.0,9.0,1.0,3.0,gini,
8,8,rf,random,0.6372,0.013466996695625953,0.6704000660684113,0.01655190354667689,0.5329648574175979,0.023173319075817964,0.5936299367526072,0.018505966154799436,265.2,11.461239025515521,130.4,8.138795979750322,390.0,7.0,2.0,3.0,entropy,
9,9,rf,random,0.6428,0.018680471086137004,0.6717832714161772,0.02163407171637778,0.5514573384079577,0.02328350237361731,0.6056392742550123,0.02228058970193493,274.4,11.46472851837321,134.0,8.579044235810887,432.0,11.0,1.0,8.0,entropy,
10,10,rf,random,0.6342,0.008518215775618749,0.6729823855042,0.012578428119423767,0.5168965600833919,0.036693132021148114,0.5837085723678406,0.021482362231882726,257.2,18.15929514050587,125.4,14.192955999368138,315.0,4.0,2.0,6.0,entropy,
11,11,rf,random,0.6504000000000001,0.014178857499812894,0.6828434093233662,0.01133203248786447,0.5546879671603919,0.028999142069929085,0.6119037634139189,0.021745199748314743,276.0,14.184498581197715,128.0,3.1622776601683795,459.0,11.0,4.0,2.0,entropy,
12,12,rf,random,0.6452,0.010361467077590905,0.6707882056800458,0.010544459471456758,0.5634926021995426,0.023539807129208362,0.6122571061874749,0.016278284769700186,280.4,11.859173664298874,137.6,6.711184694225007,381.0,11.0,4.0,8.0,entropy,
13,13,rf,random,0.6402000000000001,0.013377593206552527,0.6676348372764223,0.01835552247565622,0.5522540867696136,0.010586448976864109,0.604409668653866,0.012371604876338036,274.8,5.192301994298868,137.0,10.334408546211051,388.0,8.0,1.0,4.0,entropy,balanced
14,14,rf,random,0.6312,0.009967948635501699,0.6608643805180205,0.010499926066211763,0.5321527558927864,0.03355736375241697,0.588949279825313,0.020356198273658768,264.8,16.726027621644057,136.0,10.469001862641921,157.0,5.0,1.0,6.0,gini,
15,15,rf,random,0.638,0.012231107881136535,0.6605299046194231,0.01830905378060753,0.5623047522080273,0.013984609268499424,0.6072221715375167,0.01023254555259261,279.8,6.8527366796047255,144.2,13.526270735128733,295.0,7.0,1.0,7.0,gini,balanced
16,16,rf,random,0.6312,0.015458331087151693,0.6589894856017543,0.021947441877938546,0.5381703877885788,0.027881809043751364,0.5919422001601851,0.019796153597414105,267.8,13.99142594591416,139.0,15.139352694220449,219.0,9.0,3.0,3.0,entropy,
17,17,rf,random,0.6372000000000001,0.024136279746472967,0.6650439446467814,0.029209656625233754,0.5458235355910565,0.03132147786598673,0.5993554217386735,0.028779596124748265,271.6,15.551205741035002,136.8,12.936769303036982,161.0,10.0,2.0,9.0,entropy,
18,18,rf,random,0.633,0.011454256850621092,0.6642801859881653,0.015990210444383604,0.5313673203881926,0.021855890912232084,0.5901433829891175,0.015465774949571378,264.4,10.669582934679312,133.8,10.264501936285072,348.0,6.0,4.0,2.0,gini,
19,19,rf,random,0.6282000000000001,0.017336666346215484,0.6547248585149978,0.020704209454279386,0.5349850104643927,0.0231079551660723,0.588693722649593,0.020779789538894585,266.2,11.303096920755832,140.4,9.43610088966836,143.0,4.0,3.0,7.0,gini,balanced
20,20,rf,random,0.6412,0.011685888926393244,0.6721473244424063,0.011461350676438055,0.5441944841741211,0.02565427172933942,0.601215946435427,0.01879129014228312,270.8,12.952219886953742,132.0,5.656854249492381,405.0,6.0,3.0,9.0,entropy,balanced
21,21,rf,random,0.6335999999999999,0.02421239352067451,0.6651358809081059,0.02463892069499507,0.5293334303006796,0.047431907120876346,0.5888274132951168,0.03712325785866127,263.4,23.64402672981064,132.2,9.96794863550169,257.0,6.0,1.0,6.0,entropy,
22,22,rf,random,0.6355999999999999,0.011586198686368203,0.6617941372464045,0.015526837013598756,0.5478307596583517,0.010943810166723817,0.5993996576347371,0.011889197956747605,272.6,5.4258639865002145,139.4,7.9145435749637505,423.0,6.0,1.0,6.0,gini,balanced
23,23,rf,random,0.643,0.016887865466067655,0.6646635874066973,0.016276341693858675,0.5695490210338335,0.02618040214943597,0.6133452285994649,0.02178676085271941,283.4,12.86234815265082,142.8,5.192301994298868,133.0,8.0,3.0,2.0,gini,balanced
24,24,rf,random,0.6434,0.014527215837867914,0.6670335623945998,0.02241884574729041,0.5683450098179439,0.026423532833179317,0.6131290905546383,0.01628021091296053,282.8,12.967652061957862,141.8,16.54569430395715,468.0,10.0,4.0,2.0,gini,balanced
25,25,rf,random,0.6298,0.020585431741889718,0.6499722881507057,0.020842654909184417,0.5534249674755359,0.03441528888479558,0.597612254195857,0.028190363840725707,275.4,17.3735431043872,148.0,7.183313998427188,182.0,10.0,3.0,4.0,gini,balanced
26,26,rf,random,0.6374000000000001,0.01400856880626998,0.6688511119598733,0.01693678145140663,0.537803527995281,0.025932344342709114,0.5958825320498976,0.019302538292162042,267.6,12.674383614203887,132.6,10.229369482035537,359.0,7.0,3.0,8.0,gini,
27,27,rf,random,0.6258,0.012702755606560347,0.6431616356824742,0.017195198581472743,0.5582668702980939,0.019780251055584834,0.5974499664177024,0.014083356027325546,277.8,10.02796090937734,154.4,12.41933975700802,69.0,11.0,1.0,2.0,entropy,
28,28,rf,random,0.6306,0.008089499366462681,0.6600006180006528,0.013408248124257272,0.5321584123213174,0.0094987328510154,0.5891011100916751,0.007248452789044247,264.8,4.621688003316537,136.6,8.867919710958146,307.0,5.0,2.0,7.0,gini,balanced
29,29,rf,random,0.6344000000000001,0.0088453377549984,0.6746916158938434,0.009096240170934878,0.5120393040976784,0.01971640982037709,0.5820714271474984,0.015100938728139888,254.8,10.047885349664377,122.8,4.354308211415448,421.0,5.0,1.0,7.0,entropy,
30,30,rf,random,0.6454,0.017211623979160148,0.6696513714826077,0.020655590369144276,0.5675345244155697,0.021336136986075394,0.614249527314871,0.019305421158539986,282.4,10.480458005259122,139.4,10.384603988597735,343.0,8.0,2.0,7.0,gini,balanced
31,31,rf,random,0.6352,0.023701476747240897,0.6669017890018315,0.024313663694334825,0.5313285334496942,0.039057585049569965,0.5911880896940251,0.033225493835084705,264.4,19.59183503401353,131.6,6.651315659326356,260.0,4.0,4.0,2.0,entropy,balanced
32,32,rf,random,0.6276,0.01167218916913191,0.658208064988726,0.015106880030394787,0.5237230612591209,0.016241799051375596,0.5831974128501972,0.014043643993590914,260.6,7.9397732965116825,135.4,8.114185110040317,265.0,5.0,4.0,7.0,gini,balanced
33,33,rf,random,0.6294000000000001,0.009090654541890819,0.6545210577778551,0.012334509607012803,0.5409808247072798,0.018136791216275445,0.5921689238575404,0.012564095781235718,269.2,9.26066952223218,142.2,8.328265125462806,70.0,6.0,4.0,2.0,gini,
34,34,rf,random,0.649,0.018417383093154157,0.6766352266218815,0.021251439582099775,0.5638917844415893,0.021827960673158106,0.6151285452211185,0.02171841623426223,280.6,11.056219968868202,134.0,7.8230428862431785,467.0,9.0,3.0,4.0,gini,balanced
35,35,rf,random,0.6372,0.018389127222356163,0.6644023675026521,0.0181393801736089,0.5466033146671192,0.03583748194421206,0.5993772754536043,0.027358905271161388,272.0,17.988885457415087,137.2,8.49470423263812,251.0,9.0,4.0,6.0,gini,
36,36,rf,random,0.638,0.008831760866327854,0.6607269240907039,0.011852811263751333,0.560687013648154,0.01607325691060457,0.6064401442718994,0.010762668687052016,279.0,8.07465169527454,143.4,8.593020423576334,183.0,9.0,3.0,8.0,gini,balanced
37,37,rf,random,0.6278,0.01702233826476259,0.6588113214198102,0.012289275391188794,0.5213206952558725,0.047097742524100324,0.581125654807256,0.03407959074879411,259.4,23.346091750012462,134.0,9.033271832508971,449.0,5.0,4.0,6.0,gini,
38,38,rf,random,0.647,0.023630488780387107,0.6691755199228698,0.02118295769394735,0.5727489434599565,0.046276249955317254,0.616697945731333,0.03521774632208193,285.0,23.047776465420693,140.4,7.605261336732617,467.0,10.0,4.0,7.0,entropy,balanced
39,39,rf,random,0.6358,0.01262378707044761,0.6697578870580808,0.017231678375438403,0.5297318044815075,0.026175214051763034,0.5911529302426871,0.018013019046283933,263.6,13.139254164525473,130.2,11.617228585166083,443.0,7.0,2.0,3.0,entropy,
40,40,rf,random,0.6404,0.009687104830649877,0.6616145519442369,0.007371690433479243,0.5679539081880843,0.034300982052626494,0.6106378439785236,0.020009956746504295,282.6,16.835676404587964,144.6,10.091580649234292,376.0,11.0,4.0,9.0,gini,balanced
41,41,rf,random,0.6450000000000001,0.015479018056711492,0.6720933470565778,0.02035373604760307,0.5602854072224511,0.0171584966242465,0.6109867791808519,0.016371093731155716,278.8,8.611620056644394,136.2,11.034491379306976,498.0,10.0,4.0,6.0,entropy,balanced
42,42,rf,random,0.6262000000000001,0.008352245207128448,0.6565959065362545,0.013213547010888954,0.5224923840230136,0.019400095397671447,0.5816155697271763,0.012435489308522283,260.0,9.85900603509299,136.2,10.225458424931373,152.0,5.0,4.0,6.0,gini,
43,43,rf,random,0.6285999999999999,0.012499599993599807,0.6576229743239219,0.014610321481757445,0.5297463495834445,0.03342425393199281,0.5861768390385935,0.021673306513828205,263.6,16.596385148579795,137.4,11.672189169131899,374.0,4.0,1.0,9.0,entropy,balanced
44,44,rf,random,0.6452,0.01954891301325986,0.6693080761954439,0.02625452690785224,0.5687207582846476,0.020660036116941914,0.6146888747046502,0.01979157788259067,283.0,10.411532067856296,140.2,15.025311976794358,326.0,10.0,4.0,3.0,gini,balanced
45,45,rf,random,0.6372000000000001,0.011565465835840779,0.6681899625135571,0.012101910994994518,0.5382019021761089,0.02613498402311711,0.59588292902392,0.018271316292647638,267.8,12.812493902437575,133.0,7.874007874011811,464.0,8.0,4.0,6.0,entropy,
46,46,rf,random,0.6348,0.0167499253729681,0.6637272635285111,0.015939801972678684,0.5394156101266232,0.041442560979596,0.5943534243061606,0.02819091383540062,268.4,20.450916849862747,136.0,12.09958676980334,239.0,5.0,2.0,2.0,entropy,balanced
47,47,rf,random,0.6348,0.016939893742287774,0.6628327581425446,0.021742135775165466,0.5418042390891534,0.020155040507884206,0.5961377442982696,0.019650636300639172,269.6,9.991996797437437,137.2,10.007996802557443,185.0,9.0,3.0,9.0,gini,
48,48,rf,random,0.6182000000000001,0.021122499852053514,0.6382636132137265,0.02225250938941519,0.5357946878055482,0.03168883159865017,0.5824302946803684,0.02768195826509372,266.6,15.576905982896603,150.8,6.881860213634101,50.0,9.0,4.0,3.0,gini,
49,49,rf,random,0.6324,0.013690872872099878,0.6669849371525365,0.013655169586362172,0.52132231137831,0.02772082584302882,0.5849703944256686,0.021101113644481962,259.4,13.60294085850556,129.4,6.053098380168622,476.0,5.0,2.0,2.0,entropy,
50,50,rf,random,0.6426000000000001,0.015041276541570545,0.671058067848751,0.022394867998800864,0.5542693914490961,0.024313051978389406,0.6066736555551714,0.017395733836829325,275.8,11.98999582985749,135.6,14.347125147568763,226.0,11.0,1.0,5.0,entropy,
51,51,rf,random,0.6352,0.023953287874527808,0.6556336690620261,0.0343129974560448,0.5659038568761969,0.013611784537432501,0.6071637779979946,0.01985482773317547,281.6,7.031358332498778,148.8,20.932271735289508,107.0,7.0,2.0,2.0,gini,balanced
52,52,rf,random,0.6382000000000001,0.007166589146867573,0.6673683449421202,0.009490594488752281,0.544209029276058,0.007194363305398476,0.5995134765148048,0.007615386994582062,270.8,3.7094473981982814,135.0,4.69041575982343,206.0,8.0,4.0,7.0,gini,
53,53,rf,random,0.6312,0.002039607805437116,0.6577851193889843,0.0047764793468416085,0.5397962069606393,0.010921666291603073,0.5928807626782426,0.005476160366686155,268.6,5.314132102234569,139.8,5.192301994298868,75.0,7.0,2.0,7.0,entropy,
54,54,rf,random,0.6357999999999999,0.015328405005087791,0.6726560384024771,0.024766408991359377,0.5245101128861522,0.015623190390433694,0.5890602846422879,0.013504630017951557,261.0,7.899367063252599,127.6,15.602563891873668,161.0,6.0,2.0,4.0,entropy,
55,55,rf,random,0.6299999999999999,0.018471599822430126,0.6555044216663821,0.023545039175728553,0.5409872891970295,0.019688241640128928,0.5926708428384923,0.020145882137276187,269.2,9.927738916792686,141.6,11.534296684236972,204.0,5.0,4.0,2.0,gini,balanced
56,56,rf,random,0.6314,0.013602940858505573,0.6722180305950889,0.015411815511044924,0.5056329947556828,0.022847477540240583,0.5769946882567443,0.019557363572023527,251.6,11.306635220082056,122.6,6.118823416311342,391.0,4.0,1.0,9.0,entropy,
57,57,rf,random,0.6242,0.010380751417888794,0.6547633060061058,0.009259292886239548,0.5172892778356889,0.02209725771875192,0.5778187329564481,0.016947977410896927,257.4,10.9288608738514,135.6,3.261901286060018,264.0,4.0,2.0,8.0,entropy,balanced
58,58,rf,random,0.6386000000000001,0.016800000000000016,0.6606535687846525,0.021447707220272734,0.563514419852448,0.01988986026297762,0.6080778569647566,0.018237306776996046,280.4,9.76933979345585,144.2,11.496086290559932,341.0,7.0,1.0,9.0,gini,balanced
59,59,rf,random,0.6358,0.015638414241859706,0.6622125920545514,0.016260710277220057,0.5466170517078374,0.027165827566824598,0.5987082536635789,0.021960084163718755,272.0,13.594116374373144,138.6,6.56048778674269,227.0,7.0,1.0,7.0,gini,
60,60,rf,random,0.6378,0.013166624472506243,0.6642921450046133,0.015035292146715836,0.5498307111746785,0.01914015303787407,0.6016032833160109,0.016963989501307824,273.6,9.645724441429994,138.2,5.844655678480983,255.0,8.0,2.0,8.0,entropy,balanced
61,61,rf,random,0.6332000000000001,0.00893084542470645,0.6537280310620479,0.011297566501405452,0.5590749315168118,0.01265786324424267,0.6026443812622395,0.010569478290586064,278.2,6.49307323229917,147.4,6.374950980203691,149.0,11.0,3.0,4.0,gini,balanced
62,62,rf,random,0.6302,0.011889491158161491,0.6527782718071139,0.014316359968569817,0.5490412353639911,0.025847525328688652,0.5961154536089855,0.017558750936030626,273.2,12.796874618437112,145.4,9.666436778875658,68.0,6.0,1.0,3.0,gini,balanced
63,63,rf,random,0.629,0.012361229712289966,0.6537309494761377,0.013116532665603165,0.5405969956283888,0.020401176495580462,0.5917149554034566,0.016791885065632808,269.0,10.119288512538814,142.4,5.0039984012787215,94.0,11.0,1.0,5.0,entropy,
64,64,rf,random,0.6378,0.013962807740565662,0.6595381541079266,0.022194156445698453,0.5651184213716031,0.02126984864367246,0.6081894052565516,0.013314695935832564,281.2,10.514751542475931,145.8,16.666133324799727,169.0,11.0,3.0,8.0,gini,
65,65,rf,random,0.6518,0.016987053894068876,0.6843137890882703,0.020848531892321984,0.5574757783649689,0.021320267884135165,0.6143101856359205,0.019981889790981484,277.4,10.613199329137279,128.0,9.444575162494075,352.0,10.0,2.0,9.0,entropy,
66,66,rf,random,0.6228,0.01730202300310575,0.6476092794443705,0.019638442442939146,0.5305560269245998,0.02950059095975254,0.5829882129027806,0.023635324426576478,264.0,14.601369798755183,143.6,9.76933979345585,70.0,5.0,1.0,9.0,entropy,
67,67,rf,random,0.6365999999999999,0.021685017869487698,0.6711528456758268,0.02956573257616082,0.529750389889538,0.01811845283386735,0.5920663058407913,0.022176366375285934,263.6,8.912911982062877,129.4,13.514436725220923,373.0,5.0,2.0,4.0,gini,
68,68,rf,random,0.642,0.01188276062201037,0.6631129294305327,0.01239983957441941,0.5699239614393187,0.018599581395297902,0.6129403304537282,0.015552489895893671,283.6,9.436100889668358,144.0,4.604345773288535,369.0,11.0,3.0,9.0,gini,balanced
69,69,rf,random,0.6184,0.015396103403134197,0.6478592237912678,0.020995540068478424,0.5124441427682561,0.028005725401613467,0.5717138949391949,0.019659173504631092,255.0,14.085453489327207,139.0,15.033296378372908,104.0,4.0,4.0,3.0,gini,balanced
70,70,rf,random,0.6277999999999999,0.017336666346215484,0.6669803239899921,0.02248458583953011,0.5032225481402471,0.024880263658942567,0.5734731493255261,0.02263322496625082,250.4,12.306096050332128,125.0,9.055385138137417,384.0,5.0,3.0,4.0,entropy,
71,71,rf,random,0.6334000000000001,0.01289340916902897,0.6578200874688548,0.018011317627991543,0.5494307208714132,0.011780770095799432,0.5986662966371009,0.01258105890681201,273.4,6.019966777316964,142.4,10.307278981380101,157.0,9.0,2.0,5.0,gini,
72,72,rf,random,0.6298,0.013196969349058908,0.6642806926818807,0.023013587079762823,0.519694876083812,0.009476845236788496,0.5829060961459877,0.009788557811608168,258.6,4.715930449020639,131.2,14.005713120009277,325.0,5.0,3.0,4.0,gini,
73,73,rf,random,0.639,0.01960612149304397,0.6699809896866182,0.021422305584644433,0.540599419812045,0.033563418628909485,0.5980321799330108,0.027084039964510528,269.0,16.673332000533065,132.4,9.830564581955606,456.0,8.0,3.0,8.0,gini,
74,74,rf,random,0.6279999999999999,0.01733205123463465,0.6544294561174444,0.019523207811506915,0.534159171898863,0.023317624550607347,0.588168687172372,0.021870439480598348,265.8,11.668761716651858,140.2,6.305553108173778,464.0,5.0,4.0,3.0,entropy,balanced
75,75,rf,random,0.6472,0.007467261881037794,0.6736714081341718,0.00758876434824258,0.564296623112167,0.015349378283251522,0.6140733788376455,0.011186394861205592,280.8,7.8587530817554,136.0,4.049691346263317,298.0,11.0,1.0,5.0,entropy,
76,76,rf,random,0.6368,0.018529975715040767,0.6653528251399367,0.02500673704421882,0.544203372847527,0.02622922336940498,0.5984131845139001,0.022459923692769987,270.8,13.13620949893842,136.4,12.92439553712281,211.0,9.0,4.0,9.0,entropy,
77,77,rf,random,0.6432,0.010476640682967045,0.6695176005196667,0.022862533045321532,0.5622958635346214,0.019228739028468705,0.6105941692439526,0.006322003787602937,279.8,9.620810776644555,139.0,18.110770276274835,265.0,8.0,4.0,6.0,entropy,balanced
78,78,rf,random,0.6374,0.017223240113288803,0.6691365459828488,0.022896350908345613,0.537777670036282,0.029652127364429782,0.5958289994130124,0.022061778000256913,267.6,14.8,132.6,13.61763562443936,247.0,7.0,3.0,9.0,gini,
79,79,rf,random,0.637,0.0048166378315169225,0.672450287640979,0.011641694754131505,0.5285504189797419,0.01900609314623619,0.5915129206109506,0.009264140250840271,263.0,9.273618495495704,128.4,10.403845442911962,393.0,6.0,2.0,4.0,entropy,
80,80,rf,random,0.6460000000000001,0.015504837954651459,0.6754096650944665,0.017320892539531656,0.5554766349098609,0.025138446118544516,0.6094160949623937,0.02038942115828406,276.4,12.403225386970922,132.8,8.084553172563096,225.0,8.0,1.0,8.0,entropy,
81,81,rf,random,0.6478,0.023718347328597768,0.6777176860613172,0.024895581890165226,0.5558386463358465,0.037919109506786494,0.6105008363182932,0.03179884604484836,276.6,19.085072700935672,131.2,8.37615663654877,373.0,11.0,2.0,2.0,entropy,
82,82,rf,random,0.6292,0.009019977827023752,0.6633817510969852,0.012419006936404393,0.5176925003838291,0.013539770916124879,0.5814435177943522,0.010782638752159669,257.6,6.590902821313631,130.8,7.0823724838503095,181.0,6.0,3.0,5.0,entropy,
83,83,rf,random,0.644,0.008786353054595526,0.6671485857643985,0.015692101979329062,0.5695344759318965,0.021520105691075896,0.6140568703808532,0.011281284565057465,283.4,10.707007051459339,141.8,13.347658970770867,132.0,11.0,4.0,2.0,entropy,balanced
84,84,rf,random,0.6364,0.015041276541570546,0.6628231258089123,0.016162314081197185,0.5478331838420079,0.028649005570904797,0.5995931855349185,0.021878057461943868,272.6,14.235167719419396,138.6,8.138795979750322,476.0,8.0,2.0,3.0,gini,
85,85,rf,random,0.6355999999999999,0.013514436725220935,0.6669777543825873,0.016661758297054192,0.5345486574062851,0.020314865231345642,0.5933497006751901,0.017567714850414962,266.0,10.334408546211051,132.8,7.386474125047755,412.0,7.0,1.0,7.0,gini,
86,86,rf,random,0.6224000000000001,0.021490463001061676,0.6519333346646735,0.021582337340011134,0.5161078923339233,0.04224253433094199,0.575528814087229,0.03350845269990536,256.8,20.836506425022407,136.8,10.186265262597475,198.0,4.0,1.0,6.0,entropy,balanced
87,87,rf,random,0.6372,0.013227244611029174,0.6631739488877457,0.01669352614072053,0.5506411965770527,0.015215773437371039,0.6016400419089509,0.015033335217410482,274.0,7.615773105863909,139.2,7.756287771866127,383.0,6.0,4.0,9.0,gini,balanced
88,88,rf,random,0.643,0.01966723163030325,0.6667240721858712,0.019806675234211535,0.5647426729048993,0.03691551061889434,0.6110463670630445,0.027243367222789902,281.0,18.121810064118872,140.4,10.781465577554844,338.0,10.0,4.0,3.0,gini,
89,89,rf,random,0.6344000000000001,0.023618636709175255,0.6649234548147802,0.024175569010687677,0.5333858573125501,0.04153216878141371,0.591489909529408,0.033789595899013244,265.4,20.509509989270832,133.4,9.13454979733539,453.0,5.0,3.0,6.0,entropy,balanced
90,90,rf,random,0.6324,0.02158332689832596,0.6599696738993048,0.027865604611570807,0.5402115504270604,0.020048737607649927,0.5939716439111887,0.02175132854289359,268.8,9.724196624914574,138.8,14.675149062275313,397.0,7.0,2.0,4.0,gini,
91,91,rf,random,0.6355999999999999,0.010170545708072905,0.6616897740074297,0.015947366618566026,0.5486266999587889,0.007863503007141502,0.5997732767653414,0.00846575727145914,273.0,4.147288270665544,139.8,9.846826900072937,228.0,5.0,3.0,4.0,gini,balanced
92,92,rf,random,0.6460000000000001,0.012409673645990868,0.6698792557094511,0.01332965323570382,0.5691401420571622,0.02652625365186983,0.6151175811794435,0.018115299082623524,283.2,13.12097557348538,139.6,8.685620300243386,172.0,10.0,3.0,5.0,entropy,balanced
93,93,rf,random,0.649,0.015466091943344978,0.6748768465717168,0.015929938502020128,0.5679183534944607,0.02189183213127347,0.6167573685326753,0.019454502205391452,282.6,11.001818031580054,136.0,4.857983120596447,471.0,11.0,4.0,6.0,entropy,balanced
94,94,rf,random,0.6304,0.013646977687385597,0.6612325905543702,0.016475627098034074,0.5277463980671177,0.023756296834130733,0.5867527467201907,0.018272284362104322,262.6,11.672189169131897,134.6,9.00222194794152,237.0,6.0,3.0,2.0,gini,
95,95,rf,random,0.6378,0.013166624472506243,0.6657721037679439,0.012164212999656763,0.5458405048766494,0.022360629308368542,0.5997835459746235,0.01823403648158543,271.6,10.873821775254548,136.2,2.7856776554368237,456.0,6.0,2.0,5.0,entropy,balanced
96,96,rf,random,0.6325999999999999,0.009329523031752489,0.6590832165246898,0.011745908372074556,0.5421929165353567,0.014640158932150683,0.5948595050891832,0.011710662323674353,269.8,7.467261881037788,139.6,6.590902821313632,134.0,9.0,3.0,8.0,entropy,
97,97,rf,random,0.631,0.015849290204927174,0.6590161254414395,0.022739755647464263,0.5369857700419385,0.013904510500326735,0.5916040513493759,0.014849889808369253,267.2,6.764613810115105,138.6,13.305637902783918,140.0,7.0,4.0,3.0,entropy,
98,98,rf,random,0.6152,0.0153544781741354,0.6371183560561517,0.020331705597243517,0.5277189239856812,0.024871156956362973,0.5769453259772809,0.018938208733932937,262.6,12.531560158256433,149.8,12.718490476467716,92.0,9.0,1.0,9.0,gini,
99,99,rf,random,0.6464000000000001,0.004758150901348132,0.6720838109876105,0.007823588525451083,0.5655273003482744,0.014010594927840448,0.6140701338578612,0.007459050517663802,281.4,6.711184694225006,137.4,6.829348431585549,179.0,10.0,4.0,3.0,entropy,balanced
100,100,rf,random,0.6216,0.016740370366273277,0.6497935523596633,0.02265266363524201,0.5205061695474049,0.01449703683707146,0.5779240397079572,0.016673549804197805,259.0,7.0710678118654755,139.8,11.617228585166083,58.0,6.0,1.0,5.0,entropy,
101,101,rf,random,0.6332,0.02022275945562328,0.6610259279323236,0.025111807278328027,0.5397962069606393,0.028791470398619862,0.5940330337476106,0.025141743412188427,268.6,14.291256067959877,137.8,12.056533498481228,401.0,7.0,4.0,3.0,entropy,
102,102,rf,random,0.6316,0.015666524822052927,0.6603833591431796,0.018594133843263232,0.5349930910765799,0.0366086526112491,0.5904489389483423,0.02556445171234137,266.2,18.037738217415175,137.0,12.280065146407,306.0,6.0,4.0,8.0,entropy,balanced
103,103,rf,random,0.6426000000000001,0.01160344776348824,0.6631520471448091,0.008461457674160634,0.5727295499907074,0.04071577518294544,0.6138798538810912,0.023372896081086857,285.0,20.405881505095532,144.8,11.070682002478437,313.0,11.0,2.0,5.0,gini,balanced
104,104,rf,random,0.6164,0.005276362383309172,0.6407901724048523,0.0072200079274044775,0.5217085646408572,0.01334968418788911,0.5750240842500303,0.008132872690372264,259.6,6.56048778674269,145.6,6.468384651518491,119.0,4.0,2.0,3.0,gini,balanced
105,105,rf,random,0.6346,0.013455110553243341,0.6559511427201221,0.012498276543080843,0.558291920195874,0.03087031448087118,0.6028524268456855,0.021826486897347792,277.8,15.26302722267113,145.6,7.552483035399682,242.0,9.0,2.0,8.0,gini,balanced
106,106,rf,random,0.6404000000000001,0.012467557900406972,0.6669513567004046,0.007737912782043847,0.5534645624752532,0.03612202888239907,0.6044104501893395,0.02339146756177369,275.4,17.928747864811974,137.4,7.445804187594514,416.0,11.0,3.0,9.0,gini,
107,107,rf,random,0.6334000000000001,0.013734627770711529,0.6647190831536395,0.020363948586071816,0.5321551800764427,0.017867147863279805,0.5908844027498259,0.01551510092753904,264.8,8.885943956609225,133.8,11.42628548566856,112.0,7.0,1.0,3.0,entropy,
108,108,rf,random,0.6346,0.022913751329714672,0.6631216295510398,0.025623347799269225,0.5389857215582652,0.032085408566866994,0.5945184554637677,0.029294339680969922,268.2,15.992498241363043,136.0,8.87693640846886,149.0,6.0,4.0,3.0,gini,
109,109,rf,random,0.642,0.010639548862616319,0.6697181608714026,0.015345669330566638,0.5542653511430026,0.017238403899038468,0.6063447756230695,0.012435715395514104,275.8,8.49470423263812,136.2,9.907572861200668,312.0,8.0,2.0,7.0,gini,
110,110,rf,random,0.6324,0.01911648503255765,0.6533309147857,0.02179128645785898,0.5566458994933458,0.031889104522073636,0.6007717411488255,0.025320392897033302,277.0,16.087262041752165,147.0,12.049896265113654,178.0,10.0,4.0,7.0,gini,
111,111,rf,random,0.6401999999999999,0.013526270735128744,0.672668944781943,0.01443505758950841,0.5390002666602023,0.021109545801936736,0.5983824186618308,0.018264348241622548,268.2,10.342146779078318,130.4,4.673328578219169,390.0,7.0,1.0,6.0,entropy,
112,112,rf,random,0.6406000000000001,0.009308061022576085,0.6687565313312838,0.005568163035152834,0.5498161660727418,0.025732602922910353,0.603248475362002,0.017562861126305514,273.6,13.047605144240071,135.4,3.720215047547655,150.0,11.0,4.0,2.0,entropy,
113,113,rf,random,0.6294000000000001,0.01160344776348824,0.6607237313102363,0.013618195360286005,0.5245133451310272,0.01985960672940704,0.5846590242980982,0.016200638255755948,261.0,9.939818911831342,134.0,6.54217089351845,215.0,4.0,1.0,4.0,entropy,balanced
114,114,rf,random,0.6357999999999999,0.012204917041913895,0.6640155142712267,0.015103620032284906,0.5430042099989495,0.019061335243641852,0.5972820208375318,0.015162008003389115,270.2,9.516301802696255,136.8,8.611620056644394,124.0,7.0,4.0,8.0,gini,
115,115,rf,random,0.6422000000000001,0.018454267799075656,0.6677014884497173,0.01988670371246426,0.5590668509046246,0.030761193833495504,0.6082887492562296,0.024484011308850754,278.2,15.458331087151677,138.4,9.850888284819801,324.0,8.0,1.0,9.0,gini,balanced
116,116,rf,random,0.6432,0.016436544649043497,0.6675819635004518,0.014570045241623674,0.5627063586337301,0.03442382649434396,0.6103217875538768,0.025615048585370406,280.0,17.099707599839242,139.2,6.49307323229917,359.0,8.0,4.0,6.0,gini,balanced
117,117,rf,random,0.6236,0.018434749794884676,0.645428219969674,0.02422200292695735,0.5413832391942014,0.020654713160520265,0.5886863752055191,0.019976653607440054,269.4,10.480458005259122,148.2,12.63962024745997,162.0,7.0,1.0,3.0,gini,balanced
118,118,rf,random,0.6406000000000001,0.01473227748856233,0.6697593649445148,0.014183373379030688,0.5474243048653367,0.03256151031918403,0.6020716629717838,0.02326061186284617,272.4,16.243152403397563,134.2,7.678541528180988,306.0,6.0,4.0,5.0,entropy,balanced
119,119,rf,random,0.6412,0.016702095676890384,0.6703398144621027,0.022514187508921115,0.5498452562766155,0.01655764110016555,0.6040026616252931,0.016784394768282657,273.6,8.13879597975032,134.8,12.023310692151309,468.0,8.0,3.0,4.0,gini,
120,120,rf,random,0.6428,0.003815756805667786,0.674341033126668,0.010399095277136295,0.5466210920139309,0.013560273436780578,0.6035704934472161,0.004580049652551842,272.0,6.81175454637056,131.6,9.624967532412773,217.0,7.0,1.0,8.0,gini,
121,121,rf,random,0.6306,0.01917915535157898,0.6644545263079253,0.021312442144308972,0.5197013405735619,0.03284581209558695,0.5829454162861566,0.027305922391711,258.6,16.304600577751053,130.4,8.16333265278342,372.0,5.0,2.0,2.0,gini,
122,122,rf,random,0.6288,0.025309286833097473,0.6562436264771501,0.02784112507733361,0.5317519575283024,0.037843205298718256,0.587276707496304,0.033781165044713755,264.6,18.842505141302205,138.2,8.885943956609225,460.0,7.0,3.0,8.0,entropy,balanced
123,123,rf,random,0.632,0.010844353369380777,0.6632073588510407,0.017747773882827073,0.5305455221287565,0.016194107577239106,0.5892293477391233,0.011406514561534822,264.0,8.07465169527454,134.4,12.273548794053006,415.0,4.0,3.0,4.0,entropy,balanced
124,124,rf,random,0.6424000000000001,0.01730433471705863,0.6653654897730447,0.02383613914180326,0.5675240196197263,0.019285350041273543,0.6123203522259095,0.017323208315436774,282.4,9.604165762834374,142.4,14.305243793798134,206.0,8.0,2.0,9.0,gini,balanced
125,125,rf,random,0.642,0.021400934559032716,0.6724671472930066,0.0259087742101603,0.5470332032354771,0.02491089468469435,0.6032027210140696,0.024437454660054817,272.2,12.302845199383757,132.6,11.217842929904126,495.0,7.0,2.0,4.0,gini,
126,126,rf,random,0.627,0.009695359714832668,0.6567325460462353,0.016961004192210916,0.5261141144053073,0.01529831896648641,0.5839274015866142,0.009605139661850257,261.8,7.807688518377254,137.2,12.006664815842907,408.0,4.0,4.0,4.0,entropy,balanced
127,127,rf,random,0.6268,0.014427751037497159,0.6542350540524076,0.017580533138421187,0.5301439157030537,0.01804039071333825,0.5856353810764445,0.0173458908246588,263.8,8.997777503361595,139.4,7.364781055808788,251.0,4.0,1.0,4.0,gini,balanced
128,128,rf,random,0.6408,0.01444160655882857,0.6732697715426503,0.019351171063253656,0.541813935823778,0.0316168896110638,0.5997694855969744,0.02119647714462017,269.6,15.62817967646904,131.2,14.019985734657507,260.0,7.0,4.0,7.0,entropy,
129,129,rf,random,0.6326,0.018650469162999644,0.6587145647950218,0.02454053138956365,0.5438179276461985,0.025516045399027448,0.5955000037705869,0.022038020766071406,270.6,12.626955294131678,140.4,12.986146464598342,145.0,8.0,4.0,2.0,gini,
130,130,rf,random,0.6448,0.013029197979921876,0.6758757138860959,0.012880484940732255,0.5494371853611628,0.02196501250739772,0.6060329981388922,0.018040978066896057,273.4,10.9288608738514,131.0,4.381780460041329,459.0,10.0,2.0,7.0,entropy,
131,131,rf,random,0.651,0.011575836902790236,0.6755508865116837,0.012021656123698649,0.5743375918159559,0.02095007339124917,0.6207307052346447,0.016184751582829823,285.8,10.684568311354464,137.2,5.3065996645686395,421.0,9.0,3.0,6.0,entropy,balanced
132,132,rf,random,0.637,0.01930802941783549,0.6637486133345984,0.021198755022578755,0.5482533756757413,0.030221465273386497,0.6002120896697071,0.02452344450346859,272.8,14.837789592793126,138.2,10.979981785048643,403.0,10.0,3.0,3.0,gini,
133,133,rf,random,0.6404,0.010480458005259131,0.665193747398448,0.007090014750424088,0.5578668799948284,0.027526401543386085,0.6065575546497481,0.01870408166494444,277.6,13.807244475274565,139.6,4.586937976471886,211.0,11.0,1.0,2.0,entropy,
134,134,rf,random,0.6244,0.012515590277729622,0.6421879761749256,0.013953357218266932,0.5538322303297698,0.027636891026097527,0.5944150077129747,0.018972046185583305,275.6,14.008568806269967,153.6,10.131140113531151,88.0,11.0,1.0,9.0,gini,balanced
135,135,rf,random,0.642,0.012328828005937964,0.6687137179169967,0.01771600973541918,0.5566685252074697,0.009717158881753734,0.6074975792290586,0.011666058081632328,277.0,4.9396356140913875,137.4,9.687104830649869,209.0,9.0,4.0,5.0,entropy,
136,136,rf,random,0.6408,0.027418242102658613,0.6673398864551697,0.03370406569340676,0.5554750187874233,0.03184768797192526,0.6060229326770827,0.030719532907669444,276.4,15.781001235663089,138.0,16.75708805252273,273.0,10.0,2.0,8.0,gini,
137,137,rf,random,0.6312,0.00980612053770502,0.66310219099809,0.011411664795573238,0.5261302756296817,0.01528680393617577,0.5866585217077723,0.012860163208457981,261.8,7.520638270785267,133.0,5.176871642217914,272.0,5.0,3.0,7.0,gini,
138,138,rf,random,0.6402,0.010146920715172666,0.6712883928980711,0.013356169397328557,0.5430025938765122,0.01887076881322694,0.6001783663246547,0.013848087568360624,270.2,9.453041838477178,132.4,8.114185110040317,300.0,7.0,2.0,3.0,entropy,
139,139,rf,random,0.6144000000000001,0.02922738441941053,0.6435800076111631,0.02719361939510747,0.5004533223437007,0.057927207377072,0.5621355319111403,0.045886579138730677,249.0,28.593705601058428,137.0,8.555699854482976,54.0,4.0,1.0,6.0,entropy,balanced
140,140,rf,random,0.6361999999999999,0.007054076835419366,0.6722678607843815,0.01639711606588908,0.5265197611371037,0.017706800904784492,0.5901046961275309,0.007879001120617578,262.0,8.921883209278185,128.2,13.332666649999167,154.0,5.0,3.0,9.0,gini,
141,141,rf,random,0.619,0.019339079605813735,0.6472171744479204,0.024182080908449692,0.5148667103019725,0.021452278230074878,0.5734874194533068,0.022619849268261952,256.2,10.721940122944167,139.6,9.178235124467014,168.0,4.0,2.0,3.0,entropy,balanced
142,142,rf,random,0.6444,0.009604165762834384,0.6706824010589081,0.01177974324920445,0.5611047812982312,0.02151172329618252,0.6107700308771788,0.013841432595402237,279.2,10.552724766618335,137.2,8.49470423263812,327.0,11.0,2.0,5.0,gini,
143,143,rf,random,0.6292,0.02124523475982322,0.6538138478819137,0.029445410705981917,0.5434114728531834,0.019507237429653247,0.5933217868621007,0.021093719775735206,270.4,9.666436778875656,143.6,15.755633912984905,128.0,6.0,2.0,3.0,gini,balanced
144,144,rf,random,0.652,0.017988885457415102,0.681202934647936,0.02199875057353936,0.5655135633075561,0.025738648372867896,0.6177534078945746,0.021647326727774443,281.4,12.815615474880634,131.8,11.303096920755834,409.0,11.0,1.0,4.0,gini,
145,145,rf,random,0.6186,0.0037202150475476583,0.6378814962602806,0.005214587424473687,0.5406075004242321,0.019199132834559044,0.5849896782557457,0.010355220878490485,269.0,9.38083151964686,152.8,7.704544113703289,87.0,10.0,3.0,5.0,gini,
146,146,rf,random,0.6402,0.012796874618437124,0.6712446455813792,0.020059055867682626,0.5438171195849798,0.010866621776585794,0.600716838295025,0.011790418531298936,270.6,5.238320341483518,132.8,10.979981785048643,461.0,6.0,3.0,3.0,gini,
147,147,rf,random,0.6342000000000001,0.012122705968553402,0.6670317174798513,0.010628754906494233,0.5285172884697744,0.03261478382331199,0.589287985381309,0.02277603378166245,263.0,16.382917933017914,131.2,7.782030583337487,264.0,6.0,1.0,9.0,entropy,
148,148,rf,random,0.6376000000000001,0.008187795796183495,0.6626605909235617,0.017034776703931463,0.5554604736854865,0.013826515987891096,0.603997104378873,0.004649888419828183,276.4,7.002856560004639,141.2,13.644046320648432,133.0,10.0,4.0,5.0,gini,
149,149,rf,random,0.6306,0.013792751719653346,0.6709618721267134,0.022566368520341645,0.5072580058665245,0.026369382226856572,0.5771912343865162,0.018477525762734266,252.4,12.893409169028958,124.2,13.876599006961323,355.0,5.0,1.0,7.0,gini,
150,150,rf,random,0.6408,0.005912698199637798,0.668758309226262,0.012752103693542611,0.5526589254401915,0.025404141812875692,0.6046320023868805,0.012772377237700824,275.0,12.58570617804182,136.6,12.547509713086498,278.0,9.0,3.0,5.0,entropy,balanced
151,151,rf,random,0.6394,0.01930388561922186,0.6679178371334688,0.024510732890122455,0.5482331741452733,0.024583945145456837,0.6019704191183763,0.022050950914817073,272.8,12.221292893961751,135.8,12.383860464330176,458.0,10.0,3.0,7.0,gini,
152,152,rf,random,0.6446,0.011534296684236982,0.6685485706412477,0.012662507728224495,0.5667288873805079,0.015308582210718734,0.613397460574748,0.013511150492985171,282.0,7.4565407529228995,139.8,5.741080037762929,270.0,10.0,4.0,5.0,gini,
153,153,rf,random,0.6224000000000001,0.016144348856488466,0.64082369268667,0.018824930484147784,0.5486242757751327,0.026244038721104805,0.5909405322412533,0.021134759362705195,273.0,13.145341380123988,153.0,9.695359714832659,145.0,11.0,1.0,2.0,gini,balanced
154,154,rf,random,0.6438,0.023163764806265863,0.6786018496492532,0.027928381228356697,0.5393776312493435,0.028470845037409348,0.600957365560687,0.028024034263575106,268.4,14.277254638059796,127.0,10.430723848324238,379.0,7.0,2.0,7.0,entropy,
155,155,rf,random,0.6442,0.017057549648176334,0.6775299842363868,0.02210367645806061,0.544601747028355,0.02772561036107424,0.6034424460264717,0.02187489789844462,271.0,13.914021704740868,129.2,12.6237870704476,486.0,8.0,2.0,8.0,entropy,
156,156,rf,random,0.6367999999999999,0.011338430226446703,0.6583858019981804,0.013415310072796765,0.5614869942546848,0.01685572947285005,0.6059920969568633,0.013925421183815042,279.4,8.522910301065005,145.0,7.293833011524188,94.0,11.0,1.0,4.0,entropy,balanced
157,157,rf,random,0.6436,0.017281203661782374,0.6682204078076732,0.01790362561489186,0.5631095811818704,0.032528620133550276,0.6108633482780017,0.024575478083156663,280.2,16.141871019184855,139.0,8.342661445845684,218.0,11.0,4.0,4.0,gini,balanced
158,158,rf,random,0.6388,0.010067770358922585,0.6643751163542644,0.015072665239359384,0.5546661495074867,0.004293467651584074,0.6045283893159807,0.007951285149350305,276.0,1.8973665961010275,139.6,8.777243302996677,463.0,7.0,3.0,2.0,gini,balanced
159,159,rf,random,0.6206,0.014772948250095522,0.6394198833340079,0.018305630072599673,0.5454243533490097,0.013565376030359701,0.5886257695397249,0.014435371746296475,271.4,6.621178142898739,153.2,10.244998779892558,61.0,10.0,4.0,9.0,gini,
160,160,rf,random,0.6290000000000001,0.02038626988931523,0.6651892034067621,0.023507319081101603,0.5112288186953043,0.032217737065221685,0.5779263710067103,0.028403304363714334,254.4,16.230834852218784,127.8,7.959899496852959,410.0,5.0,3.0,9.0,entropy,
161,161,rf,random,0.6324,0.012721635115031412,0.6571689736460659,0.01970961136181459,0.5482372144513669,0.02339670128514992,0.5972896687604827,0.014880032470562807,272.8,11.582745788456206,142.8,14.688771221582831,128.0,7.0,4.0,5.0,gini,balanced
162,162,rf,random,0.6282,0.01846510222013408,0.6592017215642142,0.019196756475166304,0.5220907775973107,0.03246806031404862,0.5824798625341358,0.027038365929715563,259.8,16.27759195950064,134.0,5.176871642217914,493.0,4.0,4.0,4.0,gini,balanced
163,163,rf,random,0.6392,0.010419213022104894,0.6669839526074063,0.012034129161581199,0.5490380031191163,0.019250030543126715,0.6021568793441454,0.014603763158080301,273.2,9.537295214053092,136.4,6.2801273872430325,403.0,11.0,3.0,9.0,gini,
164,164,rf,random,0.6292,0.01630214709785188,0.6634886251981229,0.018135527068149124,0.5164949536576892,0.024518530814040165,0.5807335039714762,0.021771779921562203,257.0,12.033287165193059,130.2,5.878775382679627,170.0,5.0,3.0,3.0,entropy,
165,165,rf,random,0.6275999999999999,0.013922643427165702,0.6699854083149203,0.019601048907178717,0.49597585513078474,0.017957683382073954,0.5698990884628797,0.017480615516392913,246.8,8.997777503361595,121.6,8.114185110040317,498.0,4.0,3.0,6.0,gini,
166,166,rf,random,0.6130000000000001,0.010825894882179497,0.6391314705703575,0.0126896572370018,0.5104530799253352,0.02042775730687109,0.5674310201158643,0.015794799322159464,254.0,10.13903348450926,143.4,6.681317235396026,55.0,6.0,2.0,7.0,entropy,
167,167,rf,random,0.6392,0.008997777503361603,0.6681862470158555,0.00985247886336207,0.5462219097718843,0.021457883220891844,0.6008636499794335,0.014427979159432822,271.8,10.684568311354464,135.0,6.841052550594828,371.0,7.0,3.0,7.0,gini,
168,168,rf,random,0.6262000000000001,0.02137662274541984,0.6640652656999931,0.028623376812171267,0.5040249529304341,0.023776603085867473,0.5729415530056736,0.0245863438636014,250.8,11.77115117564973,127.0,12.66491215919005,263.0,5.0,4.0,3.0,entropy,
169,169,rf,random,0.64,0.018493242008906945,0.6643645746918059,0.026337762177382745,0.5606934781379037,0.016332185849123257,0.6079214618761577,0.017306787344261942,279.0,8.099382692526634,141.4,15.186836405255702,341.0,8.0,2.0,7.0,gini,balanced
170,170,rf,random,0.6444000000000001,0.01774936618586705,0.6750952981107621,0.026701006768653102,0.55184035942563,0.014648457771818032,0.6070723292801192,0.01668486882497288,274.6,7.445804187594513,132.6,14.82700239428051,460.0,9.0,4.0,6.0,entropy,
171,171,rf,random,0.648,0.02637422984657564,0.6744586509983723,0.03298460268352174,0.5667014132990715,0.03223586143299944,0.6155713388964175,0.029291986473776895,282.0,16.211107303327555,136.4,16.85941873256608,495.0,10.0,1.0,8.0,entropy,balanced
172,172,rf,random,0.6384000000000001,0.005851495535331122,0.661669340945464,0.005907065316122805,0.5594991636566385,0.018510050685403834,0.6061269783009543,0.010774693171702258,278.4,9.00222194794152,142.4,6.1838499334961226,332.0,9.0,2.0,4.0,gini,balanced
173,173,rf,random,0.6434,0.015730225681788564,0.6740666991302225,0.020559881020717666,0.5494557707691935,0.026874513399625287,0.605048956683255,0.020188732463265965,273.4,13.184839779079606,132.4,11.99333148045196,279.0,9.0,1.0,5.0,entropy,
174,174,rf,random,0.6276,0.01575563391298492,0.658217649832869,0.021214969907824857,0.5237004355449969,0.020089576574666083,0.5831716259081594,0.018867351986790046,260.6,10.170545708072895,135.4,9.951884243699784,351.0,4.0,2.0,6.0,entropy,balanced
175,175,rf,random,0.6372,0.021497906874856466,0.6600324045782129,0.022192491818524826,0.5574814347935,0.03286478070138203,0.6042859622301437,0.02797210431792657,277.4,16.304600577751053,142.6,7.28285658241325,326.0,11.0,1.0,8.0,gini,balanced
176,176,rf,random,0.6304000000000001,0.01001199280862707,0.6597510881531976,0.010239194456739733,0.530956825289084,0.01731442863240461,0.5883113240315307,0.013987592504569444,264.2,8.49470423263812,136.2,4.06939798987516,370.0,4.0,2.0,7.0,gini,balanced
177,177,rf,random,0.638,0.016136914203155463,0.66408824587478,0.017468228142524866,0.5510581561659111,0.022235558501305666,0.6022504579386403,0.01995061206038456,274.2,10.906878563548783,138.6,6.529931086925803,99.0,7.0,4.0,6.0,entropy,
178,178,rf,random,0.6382,0.017554486605993368,0.6643388262069506,0.024095604785098652,0.552645996460692,0.018385083431828597,0.6032099214486343,0.01827661614646057,275.0,9.252026804976301,139.2,12.592060990957753,232.0,5.0,2.0,5.0,entropy,balanced
179,179,rf,random,0.6346,0.012531560158256443,0.661168815942294,0.01582104859499168,0.5450098179438074,0.014333848860660569,0.5974607025295088,0.014369948200613955,271.2,7.249827584156742,139.0,7.014271166700073,459.0,7.0,4.0,9.0,gini,balanced
180,180,rf,random,0.6282,0.012687001221722977,0.65323482223389,0.011751924725066466,0.538198669931234,0.022997218366180947,0.5900572419169061,0.01848059092224357,267.8,11.267652816802618,142.0,2.756809750418044,291.0,6.0,3.0,5.0,gini,balanced
181,181,rf,random,0.6355999999999999,0.016977632343763382,0.6715907993911593,0.023192804668220202,0.5249181838016048,0.03175193727226953,0.5887009708975061,0.02373899573201956,261.2,15.80379701211073,128.0,14.352700094407323,303.0,5.0,2.0,3.0,gini,
182,182,rf,random,0.639,0.015401298646542778,0.6623647324688429,0.01571249741239091,0.5594749218200771,0.026337769109844925,0.6064162566617904,0.021025877468368724,278.4,13.215142829345432,141.8,6.881860213634101,367.0,11.0,3.0,9.0,entropy,balanced
183,183,rf,random,0.6312,0.0174516474866988,0.6558433804922881,0.015495957671887274,0.5434381388734011,0.03538028830732983,0.5940457637959525,0.026532325206482233,270.4,17.3735431043872,141.6,5.238320341483519,343.0,5.0,1.0,3.0,gini,balanced
184,184,rf,random,0.6428,0.00823164625090268,0.6665528674258738,0.009172630899407013,0.5647160068846816,0.01484994783411219,0.6113287421688047,0.010845449382268614,281.0,7.293833011524188,140.6,5.748043145279966,480.0,8.0,1.0,2.0,gini,balanced
185,185,rf,random,0.6299999999999999,0.010658330075579392,0.6576640971794159,0.017363799123752553,0.5361647798437209,0.01603801811795359,0.5904719007227723,0.01102610513258186,266.8,8.133879763065101,139.2,11.754148203932091,306.0,5.0,2.0,8.0,gini,balanced
186,186,rf,random,0.6506000000000001,0.009789790600416343,0.6811104160462959,0.011063382788065186,0.5610829636453258,0.03935452957709923,0.6144159884549203,0.021241563618025976,279.2,19.671298889498885,131.0,13.446189051177289,223.0,9.0,1.0,5.0,entropy,
187,187,rf,random,0.642,0.010059821071967442,0.6672927900486678,0.016394949844898855,0.5611088216043247,0.025349744168738367,0.6090983941887039,0.014508454466846111,279.2,12.448293055676348,139.6,13.305637902783918,157.0,9.0,3.0,4.0,entropy,balanced
188,188,rf,random,0.6424,0.021546229368499745,0.6693873553070666,0.02351870827739088,0.5554564333793929,0.038076950154985835,0.6066842290967346,0.029484238189112853,276.4,19.03260360539251,136.4,11.146299834474219,324.0,7.0,3.0,3.0,entropy,balanced
189,189,rf,random,0.6315999999999999,0.011271202242884306,0.6513029788937181,0.014927287533089873,0.5594878507995766,0.015264800347677885,0.601776151247674,0.012213832531484798,278.4,7.552483035399681,149.2,9.346657156438337,113.0,11.0,1.0,7.0,entropy,balanced
190,190,rf,random,0.6292,0.011496086290559942,0.659959415642585,0.014892081083598522,0.526129467568463,0.023969976424000953,0.5851847295237729,0.017147559638391787,261.8,11.889491158161478,135.0,9.633275663033837,128.0,5.0,1.0,5.0,gini,
191,191,rf,random,0.6346,0.017771887913218466,0.66837991671429,0.021090372102879597,0.5269294481749938,0.024441706656711405,0.5891861838792634,0.022511136415684696,262.2,12.172099243762352,130.0,7.874007874011811,483.0,6.0,4.0,6.0,entropy,
192,192,rf,random,0.6382,0.017382750070112626,0.6626152433270555,0.017254246470111693,0.5554685542976736,0.03247902674279271,0.6040237636821106,0.024470504860003,276.4,16.156732342896568,140.6,8.138795979750322,148.0,9.0,4.0,3.0,entropy,balanced
193,193,rf,random,0.6384000000000001,0.020828826179120144,0.6646125728587662,0.024435778592189504,0.5522605512593634,0.03195214888065918,0.6028595322495628,0.026003058120532805,274.8,15.816447135814036,138.8,13.347658970770865,288.0,11.0,3.0,8.0,gini,
194,194,rf,random,0.6264000000000001,0.018172506706560895,0.662286690659176,0.02145566087137486,0.5080604106567114,0.027729395508672552,0.5748209131619262,0.024425327641701088,252.8,13.6,128.8,8.23164625090267,275.0,5.0,3.0,8.0,gini,
195,195,rf,random,0.636,0.013505554412907317,0.6614775279916882,0.020770242379384483,0.5514524900406454,0.013987103074716851,0.6012544418289827,0.012326819745604773,274.4,6.858571279792899,140.8,12.796874618437112,341.0,10.0,2.0,7.0,gini,balanced
196,196,rf,random,0.6142,0.01888279640307549,0.6498743982694399,0.021412645935126415,0.48636719917900983,0.03545202845390716,0.5559154090263678,0.028909566181455536,242.0,17.412639087743134,130.2,9.019977827023745,78.0,4.0,1.0,6.0,gini,
197,197,rf,random,0.624,0.01626038129934229,0.6528012681890505,0.02204505329423545,0.5229222725913715,0.021333055928242695,0.5804621467173517,0.018506391495436213,260.2,10.457533169921097,138.6,11.672189169131899,323.0,4.0,1.0,5.0,gini,balanced
198,198,rf,random,0.6296,0.022059918404200882,0.662935841310636,0.026134977575008114,0.5192746842500788,0.03385603652128283,0.5821200238686044,0.029535807058541298,258.4,16.98940846527624,131.2,9.947864092356712,304.0,4.0,4.0,3.0,entropy,balanced
199,199,rf,random,0.6442,0.020989521195110685,0.673486263910258,0.025249487924005883,0.5530678044168627,0.024123268876903237,0.6073044739453571,0.02420560895003176,275.2,11.855800268223145,133.4,10.403845442911962,470.0,9.0,3.0,2.0,entropy,
