score,k,N,thr,tp,fp,features,hp
5595,5,1000,0.5301153799823161,773,227,"['V255', 'V191', 'V215', 'V380', 'V342']","{'n_estimators': 267, 'max_depth': 5, 'min_samples_split': 6, 'min_samples_leaf': 1, 'criterion': 'entropy', 'class_weight': None}"
5580,6,999,0.5398375019086763,785,214,"['V176', 'V255', 'V191', 'V160', 'V380', 'V342']","{'n_estimators': 419, 'max_depth': 6, 'min_samples_split': 7, 'min_samples_leaf': 2, 'criterion': 'gini', 'class_weight': 'balanced'}"
5530,6,1000,0.5137809307233183,782,218,"['V255', 'V191', 'V160', 'V215', 'V380', 'V342']","{'n_estimators': 158, 'max_depth': 3, 'min_samples_split': 7, 'min_samples_leaf': 3, 'criterion': 'gini', 'class_weight': None}"
5490,5,1000,0.5297424984057343,766,234,"['V255', 'V191', 'V160', 'V215', 'V380']","{'n_estimators': 267, 'max_depth': 5, 'min_samples_split': 6, 'min_samples_leaf': 1, 'criterion': 'entropy', 'class_weight': None}"
5485,7,993,0.5355070875783168,790,203,"['V176', 'V255', 'V191', 'V160', 'V215', 'V380', 'V342']","{'n_estimators': 419, 'max_depth': 6, 'min_samples_split': 7, 'min_samples_leaf': 2, 'criterion': 'gini', 'class_weight': 'balanced'}"
5465,5,999,0.5301326489381477,764,235,"['V255', 'V191', 'V160', 'V380', 'V342']","{'n_estimators': 267, 'max_depth': 5, 'min_samples_split': 6, 'min_samples_leaf': 1, 'criterion': 'entropy', 'class_weight': None}"
5460,5,1000,0.5293119528854919,764,236,"['V255', 'V191', 'V160', 'V215', 'V342']","{'n_estimators': 267, 'max_depth': 5, 'min_samples_split': 6, 'min_samples_leaf': 1, 'criterion': 'entropy', 'class_weight': None}"
5445,5,1000,0.5448335050296643,763,237,"['V176', 'V255', 'V191', 'V215', 'V380']","{'n_estimators': 419, 'max_depth': 6, 'min_samples_split': 7, 'min_samples_leaf': 2, 'criterion': 'gini', 'class_weight': 'balanced'}"
5445,6,999,0.5300825691606944,776,223,"['V176', 'V255', 'V191', 'V215', 'V380', 'V342']","{'n_estimators': 267, 'max_depth': 5, 'min_samples_split': 6, 'min_samples_leaf': 1, 'criterion': 'entropy', 'class_weight': None}"
5445,5,1000,0.5343289102386685,763,237,"['V176', 'V255', 'V191', 'V160', 'V380']","{'n_estimators': 267, 'max_depth': 5, 'min_samples_split': 6, 'min_samples_leaf': 1, 'criterion': 'entropy', 'class_weight': None}"
5420,5,999,0.5461379853578383,761,238,"['V176', 'V255', 'V191', 'V380', 'V342']","{'n_estimators': 419, 'max_depth': 6, 'min_samples_split': 7, 'min_samples_leaf': 2, 'criterion': 'gini', 'class_weight': 'balanced'}"
5410,6,1000,0.5402118053639963,774,226,"['V176', 'V255', 'V191', 'V160', 'V215', 'V342']","{'n_estimators': 419, 'max_depth': 6, 'min_samples_split': 7, 'min_samples_leaf': 2, 'criterion': 'gini', 'class_weight': 'balanced'}"
5400,6,999,0.5370866311836764,773,226,"['V176', 'V255', 'V160', 'V215', 'V380', 'V342']","{'n_estimators': 419, 'max_depth': 6, 'min_samples_split': 7, 'min_samples_leaf': 2, 'criterion': 'gini', 'class_weight': 'balanced'}"
5400,5,1000,0.5276069619699105,760,240,"['V255', 'V160', 'V215', 'V380', 'V342']","{'n_estimators': 267, 'max_depth': 5, 'min_samples_split': 6, 'min_samples_leaf': 1, 'criterion': 'entropy', 'class_weight': None}"
5400,4,998,0.5301326501272147,746,252,"['V255', 'V160', 'V215', 'V380']","{'n_estimators': 267, 'max_depth': 5, 'min_samples_split': 6, 'min_samples_leaf': 1, 'criterion': 'entropy', 'class_weight': None}"
5395,4,999,0.5343923198271403,746,253,"['V255', 'V191', 'V215', 'V380']","{'n_estimators': 267, 'max_depth': 5, 'min_samples_split': 6, 'min_samples_leaf': 1, 'criterion': 'entropy', 'class_weight': None}"
5395,5,998,0.5351021534842813,759,239,"['V176', 'V255', 'V191', 'V160', 'V342']","{'n_estimators': 267, 'max_depth': 5, 'min_samples_split': 6, 'min_samples_leaf': 1, 'criterion': 'entropy', 'class_weight': None}"
5395,4,999,0.5342375843063759,746,253,"['V255', 'V191', 'V380', 'V342']","{'n_estimators': 267, 'max_depth': 5, 'min_samples_split': 6, 'min_samples_leaf': 1, 'criterion': 'entropy', 'class_weight': None}"
5390,4,1000,0.5328005870908991,746,254,"['V176', 'V191', 'V160', 'V215']","{'n_estimators': 267, 'max_depth': 5, 'min_samples_split': 6, 'min_samples_leaf': 1, 'criterion': 'entropy', 'class_weight': None}"
5380,4,996,0.5400197620495374,744,252,"['V176', 'V255', 'V191', 'V160']","{'n_estimators': 267, 'max_depth': 5, 'min_samples_split': 6, 'min_samples_leaf': 1, 'criterion': 'entropy', 'class_weight': None}"
5375,4,1000,0.5447265788814099,745,255,"['V255', 'V191', 'V160', 'V380']","{'n_estimators': 419, 'max_depth': 6, 'min_samples_split': 7, 'min_samples_leaf': 2, 'criterion': 'gini', 'class_weight': 'balanced'}"
5370,5,1000,0.5453653913975579,758,242,"['V176', 'V255', 'V191', 'V215', 'V342']","{'n_estimators': 419, 'max_depth': 6, 'min_samples_split': 7, 'min_samples_leaf': 2, 'criterion': 'gini', 'class_weight': 'balanced'}"
5365,4,999,0.5512912473978979,744,255,"['V176', 'V255', 'V191', 'V380']","{'n_estimators': 419, 'max_depth': 6, 'min_samples_split': 7, 'min_samples_leaf': 2, 'criterion': 'gini', 'class_weight': 'balanced'}"
5360,4,1000,0.5515934756130189,744,256,"['V176', 'V255', 'V191', 'V215']","{'n_estimators': 419, 'max_depth': 6, 'min_samples_split': 7, 'min_samples_leaf': 2, 'criterion': 'gini', 'class_weight': 'balanced'}"
5355,5,997,0.5398770080170381,756,241,"['V176', 'V255', 'V160', 'V380', 'V342']","{'n_estimators': 419, 'max_depth': 6, 'min_samples_split': 7, 'min_samples_leaf': 2, 'criterion': 'gini', 'class_weight': 'balanced'}"
5355,5,1000,0.5353968663823455,757,243,"['V191', 'V160', 'V215', 'V380', 'V342']","{'n_estimators': 419, 'max_depth': 6, 'min_samples_split': 7, 'min_samples_leaf': 2, 'criterion': 'gini', 'class_weight': 'balanced'}"
5335,3,1000,0.5301207798359133,729,271,"['V176', 'V255', 'V342']","{'n_estimators': 419, 'max_depth': 6, 'min_samples_split': 7, 'min_samples_leaf': 2, 'criterion': 'gini', 'class_weight': 'balanced'}"
5335,5,998,0.5307956467727154,755,243,"['V176', 'V255', 'V160', 'V215', 'V380']","{'n_estimators': 267, 'max_depth': 5, 'min_samples_split': 6, 'min_samples_leaf': 1, 'criterion': 'entropy', 'class_weight': None}"
5320,5,998,0.5345087670325375,754,244,"['V176', 'V255', 'V191', 'V160', 'V215']","{'n_estimators': 267, 'max_depth': 5, 'min_samples_split': 6, 'min_samples_leaf': 1, 'criterion': 'entropy', 'class_weight': None}"
5315,5,999,0.5403672360764845,754,245,"['V176', 'V255', 'V160', 'V215', 'V342']","{'n_estimators': 419, 'max_depth': 6, 'min_samples_split': 7, 'min_samples_leaf': 2, 'criterion': 'gini', 'class_weight': 'balanced'}"
5315,5,999,0.5407067275816547,754,245,"['V176', 'V191', 'V215', 'V380', 'V342']","{'n_estimators': 419, 'max_depth': 6, 'min_samples_split': 7, 'min_samples_leaf': 2, 'criterion': 'gini', 'class_weight': 'balanced'}"
5310,6,999,0.5174192675343756,767,232,"['V176', 'V255', 'V191', 'V160', 'V215', 'V380']","{'n_estimators': 158, 'max_depth': 3, 'min_samples_split': 7, 'min_samples_leaf': 3, 'criterion': 'gini', 'class_weight': None}"
5300,4,1000,0.5443598358317329,740,260,"['V176', 'V191', 'V215', 'V380']","{'n_estimators': 419, 'max_depth': 6, 'min_samples_split': 7, 'min_samples_leaf': 2, 'criterion': 'gini', 'class_weight': 'balanced'}"
5300,4,1000,0.5442974503661149,740,260,"['V255', 'V191', 'V160', 'V215']","{'n_estimators': 419, 'max_depth': 6, 'min_samples_split': 7, 'min_samples_leaf': 2, 'criterion': 'gini', 'class_weight': 'balanced'}"
5300,5,999,0.5299813945203595,753,246,"['V176', 'V191', 'V160', 'V215', 'V342']","{'n_estimators': 267, 'max_depth': 5, 'min_samples_split': 6, 'min_samples_leaf': 1, 'criterion': 'entropy', 'class_weight': None}"
5280,5,1000,0.5408726745460507,752,248,"['V176', 'V191', 'V160', 'V380', 'V342']","{'n_estimators': 419, 'max_depth': 6, 'min_samples_split': 7, 'min_samples_leaf': 2, 'criterion': 'gini', 'class_weight': 'balanced'}"
5280,4,995,0.5398948711252771,737,258,"['V176', 'V160', 'V215', 'V342']","{'n_estimators': 419, 'max_depth': 6, 'min_samples_split': 7, 'min_samples_leaf': 2, 'criterion': 'gini', 'class_weight': 'balanced'}"
5275,3,997,0.5240399588757148,724,273,"['V255', 'V160', 'V215']","{'n_estimators': 419, 'max_depth': 6, 'min_samples_split': 7, 'min_samples_leaf': 2, 'criterion': 'gini', 'class_weight': 'balanced'}"
5270,5,996,0.5418168977597567,750,246,"['V176', 'V255', 'V215', 'V380', 'V342']","{'n_estimators': 419, 'max_depth': 6, 'min_samples_split': 7, 'min_samples_leaf': 2, 'criterion': 'gini', 'class_weight': 'balanced'}"
5270,4,1000,0.5299686573887268,738,262,"['V255', 'V215', 'V380', 'V342']","{'n_estimators': 267, 'max_depth': 5, 'min_samples_split': 6, 'min_samples_leaf': 1, 'criterion': 'entropy', 'class_weight': None}"
5270,4,997,0.5333713344156672,737,260,"['V255', 'V191', 'V215', 'V342']","{'n_estimators': 267, 'max_depth': 5, 'min_samples_split': 6, 'min_samples_leaf': 1, 'criterion': 'entropy', 'class_weight': None}"
5265,3,996,0.5134419991400647,723,273,"['V176', 'V191', 'V380']","{'n_estimators': 158, 'max_depth': 3, 'min_samples_split': 7, 'min_samples_leaf': 3, 'criterion': 'gini', 'class_weight': None}"
5260,3,1000,0.5343810341816096,724,276,"['V176', 'V255', 'V191']","{'n_estimators': 419, 'max_depth': 6, 'min_samples_split': 7, 'min_samples_leaf': 2, 'criterion': 'gini', 'class_weight': 'balanced'}"
5255,4,1000,0.5337927548002916,737,263,"['V176', 'V191', 'V160', 'V380']","{'n_estimators': 267, 'max_depth': 5, 'min_samples_split': 6, 'min_samples_leaf': 1, 'criterion': 'entropy', 'class_weight': None}"
5255,4,1000,0.5371904318518432,737,263,"['V176', 'V160', 'V215', 'V380']","{'n_estimators': 419, 'max_depth': 6, 'min_samples_split': 7, 'min_samples_leaf': 2, 'criterion': 'gini', 'class_weight': 'balanced'}"
5250,5,1000,0.5406362571321122,750,250,"['V176', 'V191', 'V160', 'V215', 'V380']","{'n_estimators': 419, 'max_depth': 6, 'min_samples_split': 7, 'min_samples_leaf': 2, 'criterion': 'gini', 'class_weight': 'balanced'}"
5245,6,997,0.5377936686115452,762,235,"['V176', 'V191', 'V160', 'V215', 'V380', 'V342']","{'n_estimators': 419, 'max_depth': 6, 'min_samples_split': 7, 'min_samples_leaf': 2, 'criterion': 'gini', 'class_weight': 'balanced'}"
5245,4,996,0.5344292033341593,735,261,"['V176', 'V255', 'V160', 'V342']","{'n_estimators': 267, 'max_depth': 5, 'min_samples_split': 6, 'min_samples_leaf': 1, 'criterion': 'entropy', 'class_weight': None}"
5245,3,1000,0.5293155691405999,723,277,"['V176', 'V191', 'V215']","{'n_estimators': 419, 'max_depth': 6, 'min_samples_split': 7, 'min_samples_leaf': 2, 'criterion': 'gini', 'class_weight': 'balanced'}"
5245,4,999,0.5295850307777461,736,263,"['V191', 'V160', 'V215', 'V380']","{'n_estimators': 267, 'max_depth': 5, 'min_samples_split': 6, 'min_samples_leaf': 1, 'criterion': 'entropy', 'class_weight': None}"
5240,4,1000,0.530077281487784,736,264,"['V191', 'V160', 'V380', 'V342']","{'n_estimators': 267, 'max_depth': 5, 'min_samples_split': 6, 'min_samples_leaf': 1, 'criterion': 'entropy', 'class_weight': None}"
5235,5,1000,0.5370471601270994,749,251,"['V176', 'V160', 'V215', 'V380', 'V342']","{'n_estimators': 419, 'max_depth': 6, 'min_samples_split': 7, 'min_samples_leaf': 2, 'criterion': 'gini', 'class_weight': 'balanced'}"
5230,4,999,0.5401774172762442,735,264,"['V255', 'V160', 'V380', 'V342']","{'n_estimators': 419, 'max_depth': 6, 'min_samples_split': 7, 'min_samples_leaf': 2, 'criterion': 'gini', 'class_weight': 'balanced'}"
5230,3,1000,0.529494509451984,722,278,"['V176', 'V255', 'V215']","{'n_estimators': 419, 'max_depth': 6, 'min_samples_split': 7, 'min_samples_leaf': 2, 'criterion': 'gini', 'class_weight': 'balanced'}"
5230,3,1000,0.525773781216115,722,278,"['V255', 'V191', 'V380']","{'n_estimators': 267, 'max_depth': 5, 'min_samples_split': 6, 'min_samples_leaf': 1, 'criterion': 'entropy', 'class_weight': None}"
5225,4,1000,0.5457313605755021,735,265,"['V176', 'V191', 'V215', 'V342']","{'n_estimators': 419, 'max_depth': 6, 'min_samples_split': 7, 'min_samples_leaf': 2, 'criterion': 'gini', 'class_weight': 'balanced'}"
5225,4,1000,0.5439836053310567,735,265,"['V176', 'V191', 'V160', 'V342']","{'n_estimators': 419, 'max_depth': 6, 'min_samples_split': 7, 'min_samples_leaf': 2, 'criterion': 'gini', 'class_weight': 'balanced'}"
5225,4,1000,0.5443475237988131,735,265,"['V176', 'V255', 'V160', 'V215']","{'n_estimators': 419, 'max_depth': 6, 'min_samples_split': 7, 'min_samples_leaf': 2, 'criterion': 'gini', 'class_weight': 'balanced'}"
5210,3,998,0.5291356139069312,720,278,"['V176', 'V255', 'V380']","{'n_estimators': 419, 'max_depth': 6, 'min_samples_split': 7, 'min_samples_leaf': 2, 'criterion': 'gini', 'class_weight': 'balanced'}"
5210,4,1000,0.5445163792589708,734,266,"['V176', 'V255', 'V160', 'V380']","{'n_estimators': 419, 'max_depth': 6, 'min_samples_split': 7, 'min_samples_leaf': 2, 'criterion': 'gini', 'class_weight': 'balanced'}"
5200,4,999,0.5301791091922289,733,266,"['V176', 'V215', 'V380', 'V342']","{'n_estimators': 267, 'max_depth': 5, 'min_samples_split': 6, 'min_samples_leaf': 1, 'criterion': 'entropy', 'class_weight': None}"
5200,3,1000,0.5282919631671752,720,280,"['V255', 'V191', 'V215']","{'n_estimators': 419, 'max_depth': 6, 'min_samples_split': 7, 'min_samples_leaf': 2, 'criterion': 'gini', 'class_weight': 'balanced'}"
5195,4,1000,0.5463089679986636,733,267,"['V176', 'V255', 'V380', 'V342']","{'n_estimators': 419, 'max_depth': 6, 'min_samples_split': 7, 'min_samples_leaf': 2, 'criterion': 'gini', 'class_weight': 'balanced'}"
5190,3,999,0.5300107542310346,719,280,"['V176', 'V191', 'V342']","{'n_estimators': 419, 'max_depth': 6, 'min_samples_split': 7, 'min_samples_leaf': 2, 'criterion': 'gini', 'class_weight': 'balanced'}"
5185,4,999,0.5465141475055862,732,267,"['V176', 'V255', 'V215', 'V342']","{'n_estimators': 419, 'max_depth': 6, 'min_samples_split': 7, 'min_samples_leaf': 2, 'criterion': 'gini', 'class_weight': 'balanced'}"
5180,4,1000,0.5446932092769999,732,268,"['V255', 'V191', 'V160', 'V342']","{'n_estimators': 419, 'max_depth': 6, 'min_samples_split': 7, 'min_samples_leaf': 2, 'criterion': 'gini', 'class_weight': 'balanced'}"
5175,3,996,0.5221075195886523,717,279,"['V255', 'V160', 'V342']","{'n_estimators': 267, 'max_depth': 5, 'min_samples_split': 6, 'min_samples_leaf': 1, 'criterion': 'entropy', 'class_weight': None}"
5165,4,1000,0.5397370353476633,731,269,"['V176', 'V160', 'V380', 'V342']","{'n_estimators': 419, 'max_depth': 6, 'min_samples_split': 7, 'min_samples_leaf': 2, 'criterion': 'gini', 'class_weight': 'balanced'}"
5165,4,1000,0.5453331351951662,731,269,"['V176', 'V255', 'V215', 'V380']","{'n_estimators': 419, 'max_depth': 6, 'min_samples_split': 7, 'min_samples_leaf': 2, 'criterion': 'gini', 'class_weight': 'balanced'}"
5155,3,1000,0.5270410505732886,717,283,"['V176', 'V255', 'V160']","{'n_estimators': 419, 'max_depth': 6, 'min_samples_split': 7, 'min_samples_leaf': 2, 'criterion': 'gini', 'class_weight': 'balanced'}"
5155,3,997,0.525246418478215,716,281,"['V191', 'V160', 'V380']","{'n_estimators': 419, 'max_depth': 6, 'min_samples_split': 7, 'min_samples_leaf': 2, 'criterion': 'gini', 'class_weight': 'balanced'}"
5150,4,997,0.5524393010358147,729,268,"['V176', 'V255', 'V191', 'V342']","{'n_estimators': 419, 'max_depth': 6, 'min_samples_split': 7, 'min_samples_leaf': 2, 'criterion': 'gini', 'class_weight': 'balanced'}"
5140,4,999,0.544914040304248,729,270,"['V176', 'V191', 'V380', 'V342']","{'n_estimators': 419, 'max_depth': 6, 'min_samples_split': 7, 'min_samples_leaf': 2, 'criterion': 'gini', 'class_weight': 'balanced'}"
5135,4,1000,0.5194693479090413,729,271,"['V191', 'V215', 'V380', 'V342']","{'n_estimators': 158, 'max_depth': 3, 'min_samples_split': 7, 'min_samples_leaf': 3, 'criterion': 'gini', 'class_weight': None}"
5125,3,1000,0.5245598474163196,715,285,"['V255', 'V215', 'V380']","{'n_estimators': 419, 'max_depth': 6, 'min_samples_split': 7, 'min_samples_leaf': 2, 'criterion': 'gini', 'class_weight': 'balanced'}"
5125,3,1000,0.5279347162679604,715,285,"['V176', 'V191', 'V160']","{'n_estimators': 419, 'max_depth': 6, 'min_samples_split': 7, 'min_samples_leaf': 2, 'criterion': 'gini', 'class_weight': 'balanced'}"
5125,4,996,0.529422910683623,727,269,"['V255', 'V160', 'V215', 'V342']","{'n_estimators': 267, 'max_depth': 5, 'min_samples_split': 6, 'min_samples_leaf': 1, 'criterion': 'entropy', 'class_weight': None}"
5115,4,998,0.5384768741879936,727,271,"['V191', 'V160', 'V215', 'V342']","{'n_estimators': 419, 'max_depth': 6, 'min_samples_split': 7, 'min_samples_leaf': 2, 'criterion': 'gini', 'class_weight': 'balanced'}"
5110,3,1000,0.5176748943423268,714,286,"['V160', 'V380', 'V342']","{'n_estimators': 267, 'max_depth': 5, 'min_samples_split': 6, 'min_samples_leaf': 1, 'criterion': 'entropy', 'class_weight': None}"
5095,3,997,0.5243831311476802,712,285,"['V255', 'V160', 'V380']","{'n_estimators': 419, 'max_depth': 6, 'min_samples_split': 7, 'min_samples_leaf': 2, 'criterion': 'gini', 'class_weight': 'balanced'}"
5095,3,1000,0.5214857569542621,713,287,"['V191', 'V160', 'V215']","{'n_estimators': 267, 'max_depth': 5, 'min_samples_split': 6, 'min_samples_leaf': 1, 'criterion': 'entropy', 'class_weight': None}"
5085,3,999,0.522539046187342,712,287,"['V191', 'V215', 'V380']","{'n_estimators': 267, 'max_depth': 5, 'min_samples_split': 6, 'min_samples_leaf': 1, 'criterion': 'entropy', 'class_weight': None}"
5080,3,1000,0.5220025885608264,712,288,"['V255', 'V380', 'V342']","{'n_estimators': 267, 'max_depth': 5, 'min_samples_split': 6, 'min_samples_leaf': 1, 'criterion': 'entropy', 'class_weight': None}"
5080,3,1000,0.5271503178538959,712,288,"['V255', 'V191', 'V160']","{'n_estimators': 419, 'max_depth': 6, 'min_samples_split': 7, 'min_samples_leaf': 2, 'criterion': 'gini', 'class_weight': 'balanced'}"
5065,3,1000,0.5259154703957507,711,289,"['V255', 'V191', 'V342']","{'n_estimators': 267, 'max_depth': 5, 'min_samples_split': 6, 'min_samples_leaf': 1, 'criterion': 'entropy', 'class_weight': None}"
5035,3,1000,0.5108486168320118,709,291,"['V255', 'V215', 'V342']","{'n_estimators': 158, 'max_depth': 3, 'min_samples_split': 7, 'min_samples_leaf': 3, 'criterion': 'gini', 'class_weight': None}"
5035,3,1000,0.5224346061482334,709,291,"['V176', 'V160', 'V342']","{'n_estimators': 267, 'max_depth': 5, 'min_samples_split': 6, 'min_samples_leaf': 1, 'criterion': 'entropy', 'class_weight': None}"
5030,4,994,0.535158578914054,720,274,"['V160', 'V215', 'V380', 'V342']","{'n_estimators': 419, 'max_depth': 6, 'min_samples_split': 7, 'min_samples_leaf': 2, 'criterion': 'gini', 'class_weight': 'balanced'}"
5020,3,1000,0.5245055948514278,708,292,"['V176', 'V215', 'V380']","{'n_estimators': 419, 'max_depth': 6, 'min_samples_split': 7, 'min_samples_leaf': 2, 'criterion': 'gini', 'class_weight': 'balanced'}"
5005,3,1000,0.5249708853625169,707,293,"['V191', 'V215', 'V342']","{'n_estimators': 419, 'max_depth': 6, 'min_samples_split': 7, 'min_samples_leaf': 2, 'criterion': 'gini', 'class_weight': 'balanced'}"
5005,3,1000,0.5230230240546837,707,293,"['V176', 'V160', 'V380']","{'n_estimators': 419, 'max_depth': 6, 'min_samples_split': 7, 'min_samples_leaf': 2, 'criterion': 'gini', 'class_weight': 'balanced'}"
4990,3,1000,0.5219344168062324,706,294,"['V191', 'V380', 'V342']","{'n_estimators': 267, 'max_depth': 5, 'min_samples_split': 6, 'min_samples_leaf': 1, 'criterion': 'entropy', 'class_weight': None}"
4975,3,1000,0.5253100182417072,705,295,"['V176', 'V160', 'V215']","{'n_estimators': 419, 'max_depth': 6, 'min_samples_split': 7, 'min_samples_leaf': 2, 'criterion': 'gini', 'class_weight': 'balanced'}"
4965,3,999,0.5241921175085811,704,295,"['V191', 'V160', 'V342']","{'n_estimators': 419, 'max_depth': 6, 'min_samples_split': 7, 'min_samples_leaf': 2, 'criterion': 'gini', 'class_weight': 'balanced'}"
4965,3,996,0.5107185100680747,703,293,"['V176', 'V380', 'V342']","{'n_estimators': 158, 'max_depth': 3, 'min_samples_split': 7, 'min_samples_leaf': 3, 'criterion': 'gini', 'class_weight': None}"
4960,3,991,0.5237525534021277,701,290,"['V176', 'V215', 'V342']","{'n_estimators': 267, 'max_depth': 5, 'min_samples_split': 6, 'min_samples_leaf': 1, 'criterion': 'entropy', 'class_weight': None}"
4950,2,991,0.5323364156243036,687,304,"['V176', 'V255']","{'n_estimators': 267, 'max_depth': 5, 'min_samples_split': 6, 'min_samples_leaf': 1, 'criterion': 'entropy', 'class_weight': None}"
4925,2,999,0.5244052545252658,688,311,"['V176', 'V380']","{'n_estimators': 267, 'max_depth': 5, 'min_samples_split': 6, 'min_samples_leaf': 1, 'criterion': 'entropy', 'class_weight': None}"
4920,2,1000,0.5363803557845548,688,312,"['V176', 'V191']","{'n_estimators': 419, 'max_depth': 6, 'min_samples_split': 7, 'min_samples_leaf': 2, 'criterion': 'gini', 'class_weight': 'balanced'}"
4920,2,1000,0.5291884759258337,688,312,"['V255', 'V160']","{'n_estimators': 419, 'max_depth': 6, 'min_samples_split': 7, 'min_samples_leaf': 2, 'criterion': 'gini', 'class_weight': 'balanced'}"
4905,2,1000,0.527309353867427,687,313,"['V255', 'V380']","{'n_estimators': 267, 'max_depth': 5, 'min_samples_split': 6, 'min_samples_leaf': 1, 'criterion': 'entropy', 'class_weight': None}"
4900,3,1000,0.5206361919172264,700,300,"['V160', 'V215', 'V380']","{'n_estimators': 419, 'max_depth': 6, 'min_samples_split': 7, 'min_samples_leaf': 2, 'criterion': 'gini', 'class_weight': 'balanced'}"
4860,2,997,0.5185176229816507,683,314,"['V160', 'V342']","{'n_estimators': 267, 'max_depth': 5, 'min_samples_split': 6, 'min_samples_leaf': 1, 'criterion': 'entropy', 'class_weight': None}"
4845,2,1000,0.528995889041768,683,317,"['V176', 'V160']","{'n_estimators': 419, 'max_depth': 6, 'min_samples_split': 7, 'min_samples_leaf': 2, 'criterion': 'gini', 'class_weight': 'balanced'}"
4845,3,999,0.5214059385426976,696,303,"['V160', 'V215', 'V342']","{'n_estimators': 419, 'max_depth': 6, 'min_samples_split': 7, 'min_samples_leaf': 2, 'criterion': 'gini', 'class_weight': 'balanced'}"
4815,2,1000,0.5269304525465585,681,319,"['V255', 'V215']","{'n_estimators': 267, 'max_depth': 5, 'min_samples_split': 6, 'min_samples_leaf': 1, 'criterion': 'entropy', 'class_weight': None}"
4785,2,1000,0.5170436431970311,679,321,"['V160', 'V380']","{'n_estimators': 267, 'max_depth': 5, 'min_samples_split': 6, 'min_samples_leaf': 1, 'criterion': 'entropy', 'class_weight': None}"
4770,2,997,0.5158799221948128,677,320,"['V191', 'V380']","{'n_estimators': 54, 'max_depth': 3, 'min_samples_split': 5, 'min_samples_leaf': 5, 'criterion': 'entropy', 'class_weight': 'balanced'}"
4755,2,997,0.5255824486870418,676,321,"['V191', 'V160']","{'n_estimators': 267, 'max_depth': 5, 'min_samples_split': 6, 'min_samples_leaf': 1, 'criterion': 'entropy', 'class_weight': None}"
4750,3,1000,0.5206487509602704,690,310,"['V215', 'V380', 'V342']","{'n_estimators': 419, 'max_depth': 6, 'min_samples_split': 7, 'min_samples_leaf': 2, 'criterion': 'gini', 'class_weight': 'balanced'}"
4730,2,999,0.5304352133918816,675,324,"['V176', 'V342']","{'n_estimators': 419, 'max_depth': 6, 'min_samples_split': 7, 'min_samples_leaf': 2, 'criterion': 'gini', 'class_weight': 'balanced'}"
4730,2,999,0.5135881660236954,675,324,"['V191', 'V342']","{'n_estimators': 158, 'max_depth': 3, 'min_samples_split': 7, 'min_samples_leaf': 3, 'criterion': 'gini', 'class_weight': None}"
4715,2,999,0.5267358758170163,674,325,"['V255', 'V342']","{'n_estimators': 267, 'max_depth': 5, 'min_samples_split': 6, 'min_samples_leaf': 1, 'criterion': 'entropy', 'class_weight': None}"
4710,2,1000,0.5351532512249312,674,326,"['V255', 'V191']","{'n_estimators': 419, 'max_depth': 6, 'min_samples_split': 7, 'min_samples_leaf': 2, 'criterion': 'gini', 'class_weight': 'balanced'}"
4670,2,996,0.5259997618950936,670,326,"['V160', 'V215']","{'n_estimators': 419, 'max_depth': 6, 'min_samples_split': 7, 'min_samples_leaf': 2, 'criterion': 'gini', 'class_weight': 'balanced'}"
4635,2,1000,0.5273545888256731,669,331,"['V191', 'V215']","{'n_estimators': 267, 'max_depth': 5, 'min_samples_split': 6, 'min_samples_leaf': 1, 'criterion': 'entropy', 'class_weight': None}"
4625,2,999,0.5086107508972927,668,331,"['V380', 'V342']","{'n_estimators': 54, 'max_depth': 3, 'min_samples_split': 5, 'min_samples_leaf': 5, 'criterion': 'entropy', 'class_weight': 'balanced'}"
4545,2,1000,0.515473227185597,663,337,"['V176', 'V215']","{'n_estimators': 158, 'max_depth': 3, 'min_samples_split': 7, 'min_samples_leaf': 3, 'criterion': 'gini', 'class_weight': None}"
4480,2,998,0.5092646511590987,658,340,"['V215', 'V380']","{'n_estimators': 54, 'max_depth': 3, 'min_samples_split': 5, 'min_samples_leaf': 5, 'criterion': 'entropy', 'class_weight': 'balanced'}"
4330,2,998,0.519889186109372,648,350,"['V215', 'V342']","{'n_estimators': 267, 'max_depth': 5, 'min_samples_split': 6, 'min_samples_leaf': 1, 'criterion': 'entropy', 'class_weight': None}"
