stage,score,k,N,tp,fp,features,hp
2,5685,6,999,792,207,"['V176', 'V255', 'V191', 'V160', 'V380', 'V342']","{'n_estimators': 214, 'max_depth': 12, 'min_samples_split': 9, 'min_samples_leaf': 8, 'criterion': 'gini', 'class_weight': 'balanced'}"
2,5630,5,999,775,224,"['V255', 'V191', 'V215', 'V380', 'V342']","{'n_estimators': 234, 'max_depth': 6, 'min_samples_split': 6, 'min_samples_leaf': 1, 'criterion': 'entropy', 'class_weight': 'balanced'}"
1,5595,5,1000,773,227,"['V255', 'V191', 'V215', 'V380', 'V342']","{'n_estimators': 267, 'max_depth': 5, 'min_samples_split': 6, 'min_samples_leaf': 1, 'criterion': 'entropy', 'class_weight': None}"
1,5580,6,999,785,214,"['V176', 'V255', 'V191', 'V160', 'V380', 'V342']","{'n_estimators': 419, 'max_depth': 6, 'min_samples_split': 7, 'min_samples_leaf': 2, 'criterion': 'gini', 'class_weight': 'balanced'}"
2,5575,7,999,798,201,"['V176', 'V255', 'V191', 'V160', 'V215', 'V380', 'V342']","{'n_estimators': 352, 'max_depth': 9, 'min_samples_split': 10, 'min_samples_leaf': 1, 'criterion': 'gini', 'class_weight': 'balanced'}"
2,5575,6,1000,785,215,"['V255', 'V191', 'V160', 'V215', 'V380', 'V342']","{'n_estimators': 461, 'max_depth': 6, 'min_samples_split': 2, 'min_samples_leaf': 1, 'criterion': 'gini', 'class_weight': None}"
2,5565,5,1000,771,229,"['V255', 'V191', 'V160', 'V215', 'V380']","{'n_estimators': 514, 'max_depth': 5, 'min_samples_split': 4, 'min_samples_leaf': 3, 'criterion': 'gini', 'class_weight': None}"
1,5530,6,1000,782,218,"['V255', 'V191', 'V160', 'V215', 'V380', 'V342']","{'n_estimators': 158, 'max_depth': 3, 'min_samples_split': 7, 'min_samples_leaf': 3, 'criterion': 'gini', 'class_weight': None}"
1,5490,5,1000,766,234,"['V255', 'V191', 'V160', 'V215', 'V380']","{'n_estimators': 267, 'max_depth': 5, 'min_samples_split': 6, 'min_samples_leaf': 1, 'criterion': 'entropy', 'class_weight': None}"
1,5485,7,993,790,203,"['V176', 'V255', 'V191', 'V160', 'V215', 'V380', 'V342']","{'n_estimators': 419, 'max_depth': 6, 'min_samples_split': 7, 'min_samples_leaf': 2, 'criterion': 'gini', 'class_weight': 'balanced'}"
1,5465,5,999,764,235,"['V255', 'V191', 'V160', 'V380', 'V342']","{'n_estimators': 267, 'max_depth': 5, 'min_samples_split': 6, 'min_samples_leaf': 1, 'criterion': 'entropy', 'class_weight': None}"
1,5460,5,1000,764,236,"['V255', 'V191', 'V160', 'V215', 'V342']","{'n_estimators': 267, 'max_depth': 5, 'min_samples_split': 6, 'min_samples_leaf': 1, 'criterion': 'entropy', 'class_weight': None}"
1,5445,5,1000,763,237,"['V176', 'V255', 'V191', 'V215', 'V380']","{'n_estimators': 419, 'max_depth': 6, 'min_samples_split': 7, 'min_samples_leaf': 2, 'criterion': 'gini', 'class_weight': 'balanced'}"
1,5445,5,1000,763,237,"['V176', 'V255', 'V191', 'V160', 'V380']","{'n_estimators': 267, 'max_depth': 5, 'min_samples_split': 6, 'min_samples_leaf': 1, 'criterion': 'entropy', 'class_weight': None}"
1,5445,6,999,776,223,"['V176', 'V255', 'V191', 'V215', 'V380', 'V342']","{'n_estimators': 267, 'max_depth': 5, 'min_samples_split': 6, 'min_samples_leaf': 1, 'criterion': 'entropy', 'class_weight': None}"
1,5420,5,999,761,238,"['V176', 'V255', 'V191', 'V380', 'V342']","{'n_estimators': 419, 'max_depth': 6, 'min_samples_split': 7, 'min_samples_leaf': 2, 'criterion': 'gini', 'class_weight': 'balanced'}"
1,5410,6,1000,774,226,"['V176', 'V255', 'V191', 'V160', 'V215', 'V342']","{'n_estimators': 419, 'max_depth': 6, 'min_samples_split': 7, 'min_samples_leaf': 2, 'criterion': 'gini', 'class_weight': 'balanced'}"
1,5400,5,1000,760,240,"['V255', 'V160', 'V215', 'V380', 'V342']","{'n_estimators': 267, 'max_depth': 5, 'min_samples_split': 6, 'min_samples_leaf': 1, 'criterion': 'entropy', 'class_weight': None}"
1,5400,4,998,746,252,"['V255', 'V160', 'V215', 'V380']","{'n_estimators': 267, 'max_depth': 5, 'min_samples_split': 6, 'min_samples_leaf': 1, 'criterion': 'entropy', 'class_weight': None}"
1,5400,6,999,773,226,"['V176', 'V255', 'V160', 'V215', 'V380', 'V342']","{'n_estimators': 419, 'max_depth': 6, 'min_samples_split': 7, 'min_samples_leaf': 2, 'criterion': 'gini', 'class_weight': 'balanced'}"
1,5395,4,999,746,253,"['V255', 'V191', 'V215', 'V380']","{'n_estimators': 267, 'max_depth': 5, 'min_samples_split': 6, 'min_samples_leaf': 1, 'criterion': 'entropy', 'class_weight': None}"
1,5395,4,999,746,253,"['V255', 'V191', 'V380', 'V342']","{'n_estimators': 267, 'max_depth': 5, 'min_samples_split': 6, 'min_samples_leaf': 1, 'criterion': 'entropy', 'class_weight': None}"
1,5395,5,998,759,239,"['V176', 'V255', 'V191', 'V160', 'V342']","{'n_estimators': 267, 'max_depth': 5, 'min_samples_split': 6, 'min_samples_leaf': 1, 'criterion': 'entropy', 'class_weight': None}"
1,5390,4,1000,746,254,"['V176', 'V191', 'V160', 'V215']","{'n_estimators': 267, 'max_depth': 5, 'min_samples_split': 6, 'min_samples_leaf': 1, 'criterion': 'entropy', 'class_weight': None}"
1,5380,4,996,744,252,"['V176', 'V255', 'V191', 'V160']","{'n_estimators': 267, 'max_depth': 5, 'min_samples_split': 6, 'min_samples_leaf': 1, 'criterion': 'entropy', 'class_weight': None}"
1,5375,4,1000,745,255,"['V255', 'V191', 'V160', 'V380']","{'n_estimators': 419, 'max_depth': 6, 'min_samples_split': 7, 'min_samples_leaf': 2, 'criterion': 'gini', 'class_weight': 'balanced'}"
1,5370,5,1000,758,242,"['V176', 'V255', 'V191', 'V215', 'V342']","{'n_estimators': 419, 'max_depth': 6, 'min_samples_split': 7, 'min_samples_leaf': 2, 'criterion': 'gini', 'class_weight': 'balanced'}"
1,5365,4,999,744,255,"['V176', 'V255', 'V191', 'V380']","{'n_estimators': 419, 'max_depth': 6, 'min_samples_split': 7, 'min_samples_leaf': 2, 'criterion': 'gini', 'class_weight': 'balanced'}"
1,5360,4,1000,744,256,"['V176', 'V255', 'V191', 'V215']","{'n_estimators': 419, 'max_depth': 6, 'min_samples_split': 7, 'min_samples_leaf': 2, 'criterion': 'gini', 'class_weight': 'balanced'}"
1,5355,5,1000,757,243,"['V191', 'V160', 'V215', 'V380', 'V342']","{'n_estimators': 419, 'max_depth': 6, 'min_samples_split': 7, 'min_samples_leaf': 2, 'criterion': 'gini', 'class_weight': 'balanced'}"
1,5355,5,997,756,241,"['V176', 'V255', 'V160', 'V380', 'V342']","{'n_estimators': 419, 'max_depth': 6, 'min_samples_split': 7, 'min_samples_leaf': 2, 'criterion': 'gini', 'class_weight': 'balanced'}"
1,5335,5,998,755,243,"['V176', 'V255', 'V160', 'V215', 'V380']","{'n_estimators': 267, 'max_depth': 5, 'min_samples_split': 6, 'min_samples_leaf': 1, 'criterion': 'entropy', 'class_weight': None}"
1,5335,3,1000,729,271,"['V176', 'V255', 'V342']","{'n_estimators': 419, 'max_depth': 6, 'min_samples_split': 7, 'min_samples_leaf': 2, 'criterion': 'gini', 'class_weight': 'balanced'}"
1,5320,5,998,754,244,"['V176', 'V255', 'V191', 'V160', 'V215']","{'n_estimators': 267, 'max_depth': 5, 'min_samples_split': 6, 'min_samples_leaf': 1, 'criterion': 'entropy', 'class_weight': None}"
1,5315,5,999,754,245,"['V176', 'V255', 'V160', 'V215', 'V342']","{'n_estimators': 419, 'max_depth': 6, 'min_samples_split': 7, 'min_samples_leaf': 2, 'criterion': 'gini', 'class_weight': 'balanced'}"
1,5315,5,999,754,245,"['V176', 'V191', 'V215', 'V380', 'V342']","{'n_estimators': 419, 'max_depth': 6, 'min_samples_split': 7, 'min_samples_leaf': 2, 'criterion': 'gini', 'class_weight': 'balanced'}"
1,5310,6,999,767,232,"['V176', 'V255', 'V191', 'V160', 'V215', 'V380']","{'n_estimators': 158, 'max_depth': 3, 'min_samples_split': 7, 'min_samples_leaf': 3, 'criterion': 'gini', 'class_weight': None}"
1,5300,4,1000,740,260,"['V255', 'V191', 'V160', 'V215']","{'n_estimators': 419, 'max_depth': 6, 'min_samples_split': 7, 'min_samples_leaf': 2, 'criterion': 'gini', 'class_weight': 'balanced'}"
1,5300,5,999,753,246,"['V176', 'V191', 'V160', 'V215', 'V342']","{'n_estimators': 267, 'max_depth': 5, 'min_samples_split': 6, 'min_samples_leaf': 1, 'criterion': 'entropy', 'class_weight': None}"
1,5300,4,1000,740,260,"['V176', 'V191', 'V215', 'V380']","{'n_estimators': 419, 'max_depth': 6, 'min_samples_split': 7, 'min_samples_leaf': 2, 'criterion': 'gini', 'class_weight': 'balanced'}"
1,5280,5,1000,752,248,"['V176', 'V191', 'V160', 'V380', 'V342']","{'n_estimators': 419, 'max_depth': 6, 'min_samples_split': 7, 'min_samples_leaf': 2, 'criterion': 'gini', 'class_weight': 'balanced'}"
1,5280,4,995,737,258,"['V176', 'V160', 'V215', 'V342']","{'n_estimators': 419, 'max_depth': 6, 'min_samples_split': 7, 'min_samples_leaf': 2, 'criterion': 'gini', 'class_weight': 'balanced'}"
1,5275,3,997,724,273,"['V255', 'V160', 'V215']","{'n_estimators': 419, 'max_depth': 6, 'min_samples_split': 7, 'min_samples_leaf': 2, 'criterion': 'gini', 'class_weight': 'balanced'}"
1,5270,4,1000,738,262,"['V255', 'V215', 'V380', 'V342']","{'n_estimators': 267, 'max_depth': 5, 'min_samples_split': 6, 'min_samples_leaf': 1, 'criterion': 'entropy', 'class_weight': None}"
1,5270,5,996,750,246,"['V176', 'V255', 'V215', 'V380', 'V342']","{'n_estimators': 419, 'max_depth': 6, 'min_samples_split': 7, 'min_samples_leaf': 2, 'criterion': 'gini', 'class_weight': 'balanced'}"
1,5270,4,997,737,260,"['V255', 'V191', 'V215', 'V342']","{'n_estimators': 267, 'max_depth': 5, 'min_samples_split': 6, 'min_samples_leaf': 1, 'criterion': 'entropy', 'class_weight': None}"
1,5265,3,996,723,273,"['V176', 'V191', 'V380']","{'n_estimators': 158, 'max_depth': 3, 'min_samples_split': 7, 'min_samples_leaf': 3, 'criterion': 'gini', 'class_weight': None}"
1,5260,3,1000,724,276,"['V176', 'V255', 'V191']","{'n_estimators': 419, 'max_depth': 6, 'min_samples_split': 7, 'min_samples_leaf': 2, 'criterion': 'gini', 'class_weight': 'balanced'}"
1,5255,4,1000,737,263,"['V176', 'V191', 'V160', 'V380']","{'n_estimators': 267, 'max_depth': 5, 'min_samples_split': 6, 'min_samples_leaf': 1, 'criterion': 'entropy', 'class_weight': None}"
1,5255,4,1000,737,263,"['V176', 'V160', 'V215', 'V380']","{'n_estimators': 419, 'max_depth': 6, 'min_samples_split': 7, 'min_samples_leaf': 2, 'criterion': 'gini', 'class_weight': 'balanced'}"
1,5250,5,1000,750,250,"['V176', 'V191', 'V160', 'V215', 'V380']","{'n_estimators': 419, 'max_depth': 6, 'min_samples_split': 7, 'min_samples_leaf': 2, 'criterion': 'gini', 'class_weight': 'balanced'}"
1,5245,4,996,735,261,"['V176', 'V255', 'V160', 'V342']","{'n_estimators': 267, 'max_depth': 5, 'min_samples_split': 6, 'min_samples_leaf': 1, 'criterion': 'entropy', 'class_weight': None}"
1,5245,6,997,762,235,"['V176', 'V191', 'V160', 'V215', 'V380', 'V342']","{'n_estimators': 419, 'max_depth': 6, 'min_samples_split': 7, 'min_samples_leaf': 2, 'criterion': 'gini', 'class_weight': 'balanced'}"
1,5245,4,999,736,263,"['V191', 'V160', 'V215', 'V380']","{'n_estimators': 267, 'max_depth': 5, 'min_samples_split': 6, 'min_samples_leaf': 1, 'criterion': 'entropy', 'class_weight': None}"
1,5245,3,1000,723,277,"['V176', 'V191', 'V215']","{'n_estimators': 419, 'max_depth': 6, 'min_samples_split': 7, 'min_samples_leaf': 2, 'criterion': 'gini', 'class_weight': 'balanced'}"
1,5240,4,1000,736,264,"['V191', 'V160', 'V380', 'V342']","{'n_estimators': 267, 'max_depth': 5, 'min_samples_split': 6, 'min_samples_leaf': 1, 'criterion': 'entropy', 'class_weight': None}"
1,5235,5,1000,749,251,"['V176', 'V160', 'V215', 'V380', 'V342']","{'n_estimators': 419, 'max_depth': 6, 'min_samples_split': 7, 'min_samples_leaf': 2, 'criterion': 'gini', 'class_weight': 'balanced'}"
1,5230,3,1000,722,278,"['V176', 'V255', 'V215']","{'n_estimators': 419, 'max_depth': 6, 'min_samples_split': 7, 'min_samples_leaf': 2, 'criterion': 'gini', 'class_weight': 'balanced'}"
1,5230,3,1000,722,278,"['V255', 'V191', 'V380']","{'n_estimators': 267, 'max_depth': 5, 'min_samples_split': 6, 'min_samples_leaf': 1, 'criterion': 'entropy', 'class_weight': None}"
1,5230,4,999,735,264,"['V255', 'V160', 'V380', 'V342']","{'n_estimators': 419, 'max_depth': 6, 'min_samples_split': 7, 'min_samples_leaf': 2, 'criterion': 'gini', 'class_weight': 'balanced'}"
1,5225,4,1000,735,265,"['V176', 'V191', 'V215', 'V342']","{'n_estimators': 419, 'max_depth': 6, 'min_samples_split': 7, 'min_samples_leaf': 2, 'criterion': 'gini', 'class_weight': 'balanced'}"
1,5225,4,1000,735,265,"['V176', 'V191', 'V160', 'V342']","{'n_estimators': 419, 'max_depth': 6, 'min_samples_split': 7, 'min_samples_leaf': 2, 'criterion': 'gini', 'class_weight': 'balanced'}"
1,5225,4,1000,735,265,"['V176', 'V255', 'V160', 'V215']","{'n_estimators': 419, 'max_depth': 6, 'min_samples_split': 7, 'min_samples_leaf': 2, 'criterion': 'gini', 'class_weight': 'balanced'}"
1,5210,3,998,720,278,"['V176', 'V255', 'V380']","{'n_estimators': 419, 'max_depth': 6, 'min_samples_split': 7, 'min_samples_leaf': 2, 'criterion': 'gini', 'class_weight': 'balanced'}"
1,5210,4,1000,734,266,"['V176', 'V255', 'V160', 'V380']","{'n_estimators': 419, 'max_depth': 6, 'min_samples_split': 7, 'min_samples_leaf': 2, 'criterion': 'gini', 'class_weight': 'balanced'}"
1,5200,4,999,733,266,"['V176', 'V215', 'V380', 'V342']","{'n_estimators': 267, 'max_depth': 5, 'min_samples_split': 6, 'min_samples_leaf': 1, 'criterion': 'entropy', 'class_weight': None}"
1,5200,3,1000,720,280,"['V255', 'V191', 'V215']","{'n_estimators': 419, 'max_depth': 6, 'min_samples_split': 7, 'min_samples_leaf': 2, 'criterion': 'gini', 'class_weight': 'balanced'}"
1,5195,4,1000,733,267,"['V176', 'V255', 'V380', 'V342']","{'n_estimators': 419, 'max_depth': 6, 'min_samples_split': 7, 'min_samples_leaf': 2, 'criterion': 'gini', 'class_weight': 'balanced'}"
1,5190,3,999,719,280,"['V176', 'V191', 'V342']","{'n_estimators': 419, 'max_depth': 6, 'min_samples_split': 7, 'min_samples_leaf': 2, 'criterion': 'gini', 'class_weight': 'balanced'}"
1,5185,4,999,732,267,"['V176', 'V255', 'V215', 'V342']","{'n_estimators': 419, 'max_depth': 6, 'min_samples_split': 7, 'min_samples_leaf': 2, 'criterion': 'gini', 'class_weight': 'balanced'}"
1,5180,4,1000,732,268,"['V255', 'V191', 'V160', 'V342']","{'n_estimators': 419, 'max_depth': 6, 'min_samples_split': 7, 'min_samples_leaf': 2, 'criterion': 'gini', 'class_weight': 'balanced'}"
1,5175,3,996,717,279,"['V255', 'V160', 'V342']","{'n_estimators': 267, 'max_depth': 5, 'min_samples_split': 6, 'min_samples_leaf': 1, 'criterion': 'entropy', 'class_weight': None}"
1,5165,4,1000,731,269,"['V176', 'V160', 'V380', 'V342']","{'n_estimators': 419, 'max_depth': 6, 'min_samples_split': 7, 'min_samples_leaf': 2, 'criterion': 'gini', 'class_weight': 'balanced'}"
1,5165,4,1000,731,269,"['V176', 'V255', 'V215', 'V380']","{'n_estimators': 419, 'max_depth': 6, 'min_samples_split': 7, 'min_samples_leaf': 2, 'criterion': 'gini', 'class_weight': 'balanced'}"
1,5155,3,1000,717,283,"['V176', 'V255', 'V160']","{'n_estimators': 419, 'max_depth': 6, 'min_samples_split': 7, 'min_samples_leaf': 2, 'criterion': 'gini', 'class_weight': 'balanced'}"
1,5155,3,997,716,281,"['V191', 'V160', 'V380']","{'n_estimators': 419, 'max_depth': 6, 'min_samples_split': 7, 'min_samples_leaf': 2, 'criterion': 'gini', 'class_weight': 'balanced'}"
1,5150,4,997,729,268,"['V176', 'V255', 'V191', 'V342']","{'n_estimators': 419, 'max_depth': 6, 'min_samples_split': 7, 'min_samples_leaf': 2, 'criterion': 'gini', 'class_weight': 'balanced'}"
1,5140,4,999,729,270,"['V176', 'V191', 'V380', 'V342']","{'n_estimators': 419, 'max_depth': 6, 'min_samples_split': 7, 'min_samples_leaf': 2, 'criterion': 'gini', 'class_weight': 'balanced'}"
1,5135,4,1000,729,271,"['V191', 'V215', 'V380', 'V342']","{'n_estimators': 158, 'max_depth': 3, 'min_samples_split': 7, 'min_samples_leaf': 3, 'criterion': 'gini', 'class_weight': None}"
1,5125,3,1000,715,285,"['V176', 'V191', 'V160']","{'n_estimators': 419, 'max_depth': 6, 'min_samples_split': 7, 'min_samples_leaf': 2, 'criterion': 'gini', 'class_weight': 'balanced'}"
1,5125,3,1000,715,285,"['V255', 'V215', 'V380']","{'n_estimators': 419, 'max_depth': 6, 'min_samples_split': 7, 'min_samples_leaf': 2, 'criterion': 'gini', 'class_weight': 'balanced'}"
1,5125,4,996,727,269,"['V255', 'V160', 'V215', 'V342']","{'n_estimators': 267, 'max_depth': 5, 'min_samples_split': 6, 'min_samples_leaf': 1, 'criterion': 'entropy', 'class_weight': None}"
1,5115,4,998,727,271,"['V191', 'V160', 'V215', 'V342']","{'n_estimators': 419, 'max_depth': 6, 'min_samples_split': 7, 'min_samples_leaf': 2, 'criterion': 'gini', 'class_weight': 'balanced'}"
1,5110,3,1000,714,286,"['V160', 'V380', 'V342']","{'n_estimators': 267, 'max_depth': 5, 'min_samples_split': 6, 'min_samples_leaf': 1, 'criterion': 'entropy', 'class_weight': None}"
1,5095,3,997,712,285,"['V255', 'V160', 'V380']","{'n_estimators': 419, 'max_depth': 6, 'min_samples_split': 7, 'min_samples_leaf': 2, 'criterion': 'gini', 'class_weight': 'balanced'}"
1,5095,3,1000,713,287,"['V191', 'V160', 'V215']","{'n_estimators': 267, 'max_depth': 5, 'min_samples_split': 6, 'min_samples_leaf': 1, 'criterion': 'entropy', 'class_weight': None}"
1,5085,3,999,712,287,"['V191', 'V215', 'V380']","{'n_estimators': 267, 'max_depth': 5, 'min_samples_split': 6, 'min_samples_leaf': 1, 'criterion': 'entropy', 'class_weight': None}"
1,5080,3,1000,712,288,"['V255', 'V191', 'V160']","{'n_estimators': 419, 'max_depth': 6, 'min_samples_split': 7, 'min_samples_leaf': 2, 'criterion': 'gini', 'class_weight': 'balanced'}"
1,5080,3,1000,712,288,"['V255', 'V380', 'V342']","{'n_estimators': 267, 'max_depth': 5, 'min_samples_split': 6, 'min_samples_leaf': 1, 'criterion': 'entropy', 'class_weight': None}"
1,5065,3,1000,711,289,"['V255', 'V191', 'V342']","{'n_estimators': 267, 'max_depth': 5, 'min_samples_split': 6, 'min_samples_leaf': 1, 'criterion': 'entropy', 'class_weight': None}"
1,5035,3,1000,709,291,"['V255', 'V215', 'V342']","{'n_estimators': 158, 'max_depth': 3, 'min_samples_split': 7, 'min_samples_leaf': 3, 'criterion': 'gini', 'class_weight': None}"
1,5035,3,1000,709,291,"['V176', 'V160', 'V342']","{'n_estimators': 267, 'max_depth': 5, 'min_samples_split': 6, 'min_samples_leaf': 1, 'criterion': 'entropy', 'class_weight': None}"
1,5030,4,994,720,274,"['V160', 'V215', 'V380', 'V342']","{'n_estimators': 419, 'max_depth': 6, 'min_samples_split': 7, 'min_samples_leaf': 2, 'criterion': 'gini', 'class_weight': 'balanced'}"
1,5020,3,1000,708,292,"['V176', 'V215', 'V380']","{'n_estimators': 419, 'max_depth': 6, 'min_samples_split': 7, 'min_samples_leaf': 2, 'criterion': 'gini', 'class_weight': 'balanced'}"
1,5005,3,1000,707,293,"['V191', 'V215', 'V342']","{'n_estimators': 419, 'max_depth': 6, 'min_samples_split': 7, 'min_samples_leaf': 2, 'criterion': 'gini', 'class_weight': 'balanced'}"
1,5005,3,1000,707,293,"['V176', 'V160', 'V380']","{'n_estimators': 419, 'max_depth': 6, 'min_samples_split': 7, 'min_samples_leaf': 2, 'criterion': 'gini', 'class_weight': 'balanced'}"
1,4990,3,1000,706,294,"['V191', 'V380', 'V342']","{'n_estimators': 267, 'max_depth': 5, 'min_samples_split': 6, 'min_samples_leaf': 1, 'criterion': 'entropy', 'class_weight': None}"
1,4975,3,1000,705,295,"['V176', 'V160', 'V215']","{'n_estimators': 419, 'max_depth': 6, 'min_samples_split': 7, 'min_samples_leaf': 2, 'criterion': 'gini', 'class_weight': 'balanced'}"
1,4965,3,999,704,295,"['V191', 'V160', 'V342']","{'n_estimators': 419, 'max_depth': 6, 'min_samples_split': 7, 'min_samples_leaf': 2, 'criterion': 'gini', 'class_weight': 'balanced'}"
1,4965,3,996,703,293,"['V176', 'V380', 'V342']","{'n_estimators': 158, 'max_depth': 3, 'min_samples_split': 7, 'min_samples_leaf': 3, 'criterion': 'gini', 'class_weight': None}"
1,4960,3,991,701,290,"['V176', 'V215', 'V342']","{'n_estimators': 267, 'max_depth': 5, 'min_samples_split': 6, 'min_samples_leaf': 1, 'criterion': 'entropy', 'class_weight': None}"
1,4950,2,991,687,304,"['V176', 'V255']","{'n_estimators': 267, 'max_depth': 5, 'min_samples_split': 6, 'min_samples_leaf': 1, 'criterion': 'entropy', 'class_weight': None}"
1,4925,2,999,688,311,"['V176', 'V380']","{'n_estimators': 267, 'max_depth': 5, 'min_samples_split': 6, 'min_samples_leaf': 1, 'criterion': 'entropy', 'class_weight': None}"
1,4920,2,1000,688,312,"['V255', 'V160']","{'n_estimators': 419, 'max_depth': 6, 'min_samples_split': 7, 'min_samples_leaf': 2, 'criterion': 'gini', 'class_weight': 'balanced'}"
1,4920,2,1000,688,312,"['V176', 'V191']","{'n_estimators': 419, 'max_depth': 6, 'min_samples_split': 7, 'min_samples_leaf': 2, 'criterion': 'gini', 'class_weight': 'balanced'}"
1,4905,2,1000,687,313,"['V255', 'V380']","{'n_estimators': 267, 'max_depth': 5, 'min_samples_split': 6, 'min_samples_leaf': 1, 'criterion': 'entropy', 'class_weight': None}"
1,4900,3,1000,700,300,"['V160', 'V215', 'V380']","{'n_estimators': 419, 'max_depth': 6, 'min_samples_split': 7, 'min_samples_leaf': 2, 'criterion': 'gini', 'class_weight': 'balanced'}"
1,4860,2,997,683,314,"['V160', 'V342']","{'n_estimators': 267, 'max_depth': 5, 'min_samples_split': 6, 'min_samples_leaf': 1, 'criterion': 'entropy', 'class_weight': None}"
1,4845,2,1000,683,317,"['V176', 'V160']","{'n_estimators': 419, 'max_depth': 6, 'min_samples_split': 7, 'min_samples_leaf': 2, 'criterion': 'gini', 'class_weight': 'balanced'}"
1,4845,3,999,696,303,"['V160', 'V215', 'V342']","{'n_estimators': 419, 'max_depth': 6, 'min_samples_split': 7, 'min_samples_leaf': 2, 'criterion': 'gini', 'class_weight': 'balanced'}"
1,4815,2,1000,681,319,"['V255', 'V215']","{'n_estimators': 267, 'max_depth': 5, 'min_samples_split': 6, 'min_samples_leaf': 1, 'criterion': 'entropy', 'class_weight': None}"
1,4785,2,1000,679,321,"['V160', 'V380']","{'n_estimators': 267, 'max_depth': 5, 'min_samples_split': 6, 'min_samples_leaf': 1, 'criterion': 'entropy', 'class_weight': None}"
1,4770,2,997,677,320,"['V191', 'V380']","{'n_estimators': 54, 'max_depth': 3, 'min_samples_split': 5, 'min_samples_leaf': 5, 'criterion': 'entropy', 'class_weight': 'balanced'}"
1,4755,2,997,676,321,"['V191', 'V160']","{'n_estimators': 267, 'max_depth': 5, 'min_samples_split': 6, 'min_samples_leaf': 1, 'criterion': 'entropy', 'class_weight': None}"
1,4750,3,1000,690,310,"['V215', 'V380', 'V342']","{'n_estimators': 419, 'max_depth': 6, 'min_samples_split': 7, 'min_samples_leaf': 2, 'criterion': 'gini', 'class_weight': 'balanced'}"
1,4730,2,999,675,324,"['V191', 'V342']","{'n_estimators': 158, 'max_depth': 3, 'min_samples_split': 7, 'min_samples_leaf': 3, 'criterion': 'gini', 'class_weight': None}"
1,4730,2,999,675,324,"['V176', 'V342']","{'n_estimators': 419, 'max_depth': 6, 'min_samples_split': 7, 'min_samples_leaf': 2, 'criterion': 'gini', 'class_weight': 'balanced'}"
1,4715,2,999,674,325,"['V255', 'V342']","{'n_estimators': 267, 'max_depth': 5, 'min_samples_split': 6, 'min_samples_leaf': 1, 'criterion': 'entropy', 'class_weight': None}"
1,4710,2,1000,674,326,"['V255', 'V191']","{'n_estimators': 419, 'max_depth': 6, 'min_samples_split': 7, 'min_samples_leaf': 2, 'criterion': 'gini', 'class_weight': 'balanced'}"
1,4670,2,996,670,326,"['V160', 'V215']","{'n_estimators': 419, 'max_depth': 6, 'min_samples_split': 7, 'min_samples_leaf': 2, 'criterion': 'gini', 'class_weight': 'balanced'}"
1,4635,2,1000,669,331,"['V191', 'V215']","{'n_estimators': 267, 'max_depth': 5, 'min_samples_split': 6, 'min_samples_leaf': 1, 'criterion': 'entropy', 'class_weight': None}"
1,4625,2,999,668,331,"['V380', 'V342']","{'n_estimators': 54, 'max_depth': 3, 'min_samples_split': 5, 'min_samples_leaf': 5, 'criterion': 'entropy', 'class_weight': 'balanced'}"
1,4545,2,1000,663,337,"['V176', 'V215']","{'n_estimators': 158, 'max_depth': 3, 'min_samples_split': 7, 'min_samples_leaf': 3, 'criterion': 'gini', 'class_weight': None}"
1,4480,2,998,658,340,"['V215', 'V380']","{'n_estimators': 54, 'max_depth': 3, 'min_samples_split': 5, 'min_samples_leaf': 5, 'criterion': 'entropy', 'class_weight': 'balanced'}"
1,4330,2,998,648,350,"['V215', 'V342']","{'n_estimators': 267, 'max_depth': 5, 'min_samples_split': 6, 'min_samples_leaf': 1, 'criterion': 'entropy', 'class_weight': None}"
