run_id,random_seed,model_type,config_type,acc_mean,acc_std,prec_mean,prec_std,rec_mean,rec_std,f1_mean,f1_std,tp_mean,tp_std,fp_mean,fp_std,param_n_estimators,param_learning_rate,param_num_leaves,param_min_child_samples,param_colsample_bytree,param_reg_alpha,param_reg_lambda
0,0,lgbm,default,0.6648000000000001,0.014358272876638066,0.6629006458291957,0.016790679468597185,0.6651943791261626,0.014532101964326975,0.6638956981721393,0.012345548998172454,331.0,7.211102550927978,168.6,12.97073629367277,,,,,,,
1,1,lgbm,random,0.6496000000000001,0.012815615474880646,0.6472513308001497,0.011200421633309657,0.6499195979087375,0.023805803324561215,0.6484485592110494,0.01591895929660381,323.4,11.859173664298874,176.2,6.615134163416491,137.0,0.17957772164083027,92.0,19.0,0.6511662863159199,0.14675589081711304,0.6846771895375956
2,2,lgbm,random,0.6616000000000001,0.010744300814850645,0.6586870386374458,0.013152347092876836,0.6647992371902095,0.008984148912412063,0.6616423976056933,0.008411886878842373,330.8,4.166533331199931,171.6,10.11137972781163,268.0,0.05776231172598103,92.0,32.0,0.973865305763939,0.48474909678375566,1.1410728742232146
3,3,lgbm,random,0.6706000000000001,0.007709734106958559,0.6718713531590469,0.01173699458086397,0.6615661842541191,0.012547278811226205,0.6665190923197944,0.006408934691573164,329.2,6.49307323229917,161.0,10.601886624558858,252.0,0.13622217339271572,76.0,18.0,0.7554138025988315,0.8929469543476547,2.292586177866876
4,4,lgbm,random,0.6636,0.007144228439796708,0.6625003264479223,0.009824085901924542,0.6611880116037591,0.01835328741901156,0.6616219520642928,0.008470989305562497,329.0,8.87693640846886,167.8,10.186265262597475,222.0,0.16509321832720067,89.0,11.0,0.9278104741678237,0.6090356014499725,1.6951124104274733
5,5,lgbm,random,0.6668000000000001,0.010457533169921106,0.6688636023512128,0.006012599126780617,0.6539429347167343,0.02607774977253389,0.6611387145443751,0.015676787481046246,325.4,12.93986089569745,161.0,4.0,306.0,0.16060984592660646,36.0,19.0,0.7442055943974146,0.6117438629026457,2.031815712960631
6,6,lgbm,random,0.6644,0.013514436725220935,0.6630385897212415,0.019258274800299183,0.6643879340298822,0.022309060314394315,0.6632761717829896,0.01178371497032611,330.6,11.128342194594843,168.6,17.176728442867113,301.0,0.07979697079517659,99.0,26.0,0.9925144076163026,0.09947169221801577,1.7169472339571628
7,7,lgbm,random,0.6596,0.008890444308357155,0.6586458024005797,0.010785367030458841,0.656352573270951,0.018160905318494135,0.6573223822636641,0.01044059087117062,326.6,9.00222194794152,169.4,9.308061022576076,275.0,0.06410086197396977,87.0,29.0,0.8617325889154706,0.9779895119966027,1.5769917408208673
8,8,lgbm,random,0.6582000000000001,0.010906878563548794,0.6517444121468545,0.011669169040982781,0.6728410624388903,0.01355622907145822,0.6620471109016319,0.010327611486238562,334.8,6.4621977685614045,179.0,8.508818954473059,233.0,0.08662754609903955,83.0,31.0,0.8830314628867483,0.40192511322106916,2.24417716977584
9,9,lgbm,random,0.6604,0.013865064009949623,0.6627574460979563,0.01481977614351303,0.6467083626255525,0.012493846679667957,0.6546226255951964,0.013378333552186263,321.8,6.11228271597445,163.8,8.084553172563094,226.0,0.1048695546713918,76.0,32.0,0.5710555427272692,0.21855867562607822,1.337016361020905
10,10,lgbm,random,0.6746000000000001,0.011001818031580023,0.6729779529679599,0.011231712626504246,0.6732337801911873,0.013779668872095138,0.6730708544996024,0.0115941622110908,335.0,6.81175454637056,162.8,6.241794613730893,365.0,0.07481417278284423,35.0,10.0,0.7215074738443041,0.8319113589712009,1.6666434738754725
11,11,lgbm,random,0.6792,0.016338910612400045,0.6774392892377042,0.012844247436808549,0.6776732685268236,0.026881275885167945,0.6774610278532198,0.019567130422777922,337.2,13.12097557348538,160.4,4.586937976471886,291.0,0.032921286223143685,75.0,23.0,0.9631414801634982,0.10517515603771133,0.9514254333493233
12,12,lgbm,random,0.6654000000000001,0.007116178749862884,0.6661051017838998,0.012039174567726506,0.6579557667288874,0.015990736299452378,0.6617667336716069,0.006575392919741702,327.4,8.01498596380555,164.4,11.637869220780924,255.0,0.14100745447731072,22.0,13.0,0.8618009016460737,0.3504782760049925,0.5679283425318427
13,13,lgbm,random,0.679,0.008074651695274548,0.6789595491763503,0.00739942365337533,0.6732265076402189,0.016795071144682885,0.6759946004494435,0.010572486809394339,335.0,8.461678320522472,158.4,5.0039984012787215,276.0,0.06563118300523685,45.0,45.0,0.8758307569065782,0.6073433442080506,2.088042700910767
14,14,lgbm,random,0.6636,0.011909659944767536,0.663906572818694,0.012384652486687341,0.6563493410260761,0.019821085912811606,0.659969224856731,0.013695122004353476,326.6,9.891410415102591,165.4,8.685620300243386,207.0,0.16828401577453878,42.0,17.0,0.6831411980392297,0.1490051098893279,0.9025715136170944
15,15,lgbm,random,0.6779999999999999,0.005403702434442523,0.6773876833622869,0.008415958157109087,0.6744280946724523,0.017905360291328526,0.6757022041133295,0.007457037009827587,335.6,9.090654541890808,160.0,9.23038460737146,345.0,0.05683438873814977,20.0,38.0,0.9093058864600991,0.9266428241878765,0.5499060646581486
16,16,lgbm,random,0.6678000000000001,0.0052306787322488136,0.6659045744802783,0.006519100758785404,0.667602401557942,0.02329220793662588,0.6664766549020393,0.010442542175120792,332.2,11.617228585166083,166.8,9.173875952943773,269.0,0.0789984238779135,89.0,11.0,0.6543083900421931,0.1391945731694164,1.9089282784325023
17,17,lgbm,random,0.6716,0.018006665432555774,0.6692767926399468,0.021218843348239307,0.6732256995790001,0.011706976537574468,0.6711801985135278,0.015807949557149637,335.0,6.0,165.8,13.317657451669193,211.0,0.057266665768534036,26.0,32.0,0.9444324115958078,0.8068213297947158,1.3204465010215867
18,18,lgbm,random,0.6788000000000001,0.01638780034049718,0.6800504966352664,0.01539223670588728,0.6692257965463464,0.023869897744017838,0.6745101927371703,0.018779141502562397,333.0,11.696153213770756,156.6,7.227724399837061,398.0,0.04140161511166397,89.0,12.0,0.6019862024118613,0.011506733790797474,1.3537829665526069
19,19,lgbm,random,0.6632,0.01049571341072155,0.663993079217233,0.008265031033322342,0.65395182339014,0.018545828328710552,0.6588738802349984,0.013015756206411145,325.4,9.00222194794152,164.6,3.3823069050575527,193.0,0.09457023444911432,60.0,29.0,0.5690658437381597,0.33144656327093147,0.6659991300137857
20,20,lgbm,random,0.6542000000000001,0.0059799665550904265,0.6501792758966888,0.00543748766955851,0.6603581327321357,0.015915430169888667,0.6551434477527897,0.008977837873167482,328.6,8.16333265278342,176.8,4.995998398718719,371.0,0.17316184098817117,29.0,30.0,0.5179447928084266,0.6917575817588839,1.2573618840108163
21,21,lgbm,random,0.6652,0.013644046320648404,0.66484770734489,0.01124271092820369,0.6595694649826671,0.02877026927850427,0.6619646807186546,0.01797822558760463,328.2,14.2884568795934,165.4,7.735631842325487,307.0,0.07336644896847253,68.0,45.0,0.6029613826337195,0.0507732566953768,1.1045437879292337
22,22,lgbm,random,0.6674000000000001,0.009264987857520383,0.6690372076468251,0.013036203274731118,0.657154169999919,0.013378109011985133,0.6628759624403167,0.007992437822028072,327.0,6.663332499583072,162.0,10.807404868885037,232.0,0.10225215926450489,28.0,41.0,0.9466550919060888,0.23463765301586204,0.5227931621730999
23,23,lgbm,random,0.6662000000000001,0.015249918032566616,0.664348852107057,0.01588127901837721,0.6655927533069905,0.01842719135113377,0.6648920232003654,0.015655802757660747,331.2,9.21737489744233,167.4,9.54148835350125,183.0,0.13036456877026253,93.0,41.0,0.7869541914054952,0.441913684354887,0.8679902876487255
24,24,lgbm,random,0.674,0.015244671200127565,0.6743897783426812,0.018981002788848778,0.6680104724733946,0.014583829595987042,0.6710270851784792,0.013327927625431288,332.4,7.172168430816443,160.8,13.287588193498472,292.0,0.03792819298788975,37.0,11.0,0.9919746345320952,0.5090196634817197,2.074361801094647
25,25,lgbm,random,0.6684000000000001,0.011516944039110346,0.6713840782549002,0.00939350270100213,0.6531259848246103,0.021537843017029025,0.6620344905367674,0.01473263103890447,325.0,10.862780491200215,159.0,4.427188724235731,232.0,0.13440989611552312,35.0,33.0,0.7055500639625566,0.11737554713471554,1.86993748874827
26,26,lgbm,random,0.6732,0.01531535177526128,0.6741162807285335,0.01108688331688489,0.6640154178080531,0.03202430752661381,0.6687715509259112,0.020434313889838813,330.4,15.640971836813723,159.6,6.374950980203691,362.0,0.0742374740931738,97.0,36.0,0.5542495443967037,0.22611233047772372,2.0015694572954197
27,27,lgbm,random,0.6679999999999999,0.0093166517590817,0.6681827447301029,0.010539655409880779,0.6615653761929005,0.021895783555009415,0.6646375135253191,0.01215069218917902,329.2,11.05260150371848,163.6,9.54148835350125,119.0,0.10212022596737415,51.0,47.0,0.6922940030074893,0.293847121145253,2.1819386615335095
28,28,lgbm,random,0.6776,0.008114185110040296,0.6755026203234866,0.009658139264880135,0.678067602401558,0.016917331878930436,0.676628861235974,0.00936909747793401,337.4,8.16333265278342,162.2,8.565045242145544,357.0,0.05562346409399763,42.0,42.0,0.6987961843500585,0.7813082062734761,1.5219859633062263
29,29,lgbm,random,0.6674,0.01134195750300627,0.6663016329723378,0.011478272709304021,0.6647669147414608,0.02924805687346076,0.6651700024048153,0.016054291507484653,330.8,14.824304368165137,165.8,10.721940122944169,336.0,0.08197486177823288,60.0,42.0,0.7451413104411924,0.33329412745160514,1.1619199324642981
30,30,lgbm,random,0.6556000000000001,0.018800000000000018,0.6535297827323379,0.022959547282851926,0.6571565941835754,0.010593984409536758,0.6552039477192405,0.015122083154717227,327.0,5.215361924162119,173.8,15.753094934012173,393.0,0.16754669731193983,65.0,22.0,0.5818253630513767,0.9626078136743187,1.1933236807595313
31,31,lgbm,random,0.6874,0.012387090053761582,0.6866879665272873,0.013948157203207464,0.6840795778688193,0.016870853649705,0.6852807658921184,0.013042727185437367,340.4,8.475848040166836,155.4,8.957678270623477,310.0,0.034348740307359654,43.0,38.0,0.6040827309523606,0.13691704884382816,2.3167476045798003
32,32,lgbm,random,0.6752,0.007082372483850316,0.6722518278508661,0.00585387517355713,0.6776571073024492,0.016746148751549558,0.6748516851757487,0.009691705157320884,337.2,8.255906976220118,164.4,4.882622246293481,315.0,0.03894847665657604,74.0,34.0,0.8769978759313732,0.7317397804275537,1.2072022274298453
33,33,lgbm,random,0.6708000000000001,0.011923086848631085,0.6704818595182701,0.012243601492791936,0.6655774001438349,0.018504019954266086,0.6679246643376461,0.013626654804656092,331.2,9.516301802696255,162.8,7.704544113703289,120.0,0.13345238646489616,86.0,28.0,0.960345649198814,0.10994201056954023,2.00184728480935
34,34,lgbm,random,0.6576000000000001,0.008452218643646184,0.6588191117826898,0.00919157412004277,0.6471156254797863,0.009714396226150961,0.6528805856723323,0.008177609320560554,322.0,4.516635916254486,166.8,5.946427498927402,222.0,0.14701506907870124,88.0,45.0,0.5069454241601093,0.9361585360849233,1.3531487634710668
35,35,lgbm,random,0.6718,0.010961751684835755,0.6740123882286575,0.010566282250870404,0.6591549295774648,0.015426165367725064,0.6664724689154109,0.012568987824746837,328.0,7.874007874011811,158.6,4.758150901348127,301.0,0.09746926044115752,75.0,43.0,0.623053428819122,0.02812563491787612,1.8921674357555305
36,36,lgbm,random,0.6688000000000001,0.011496086290559905,0.6682660459148806,0.012173172303040292,0.6643774292340388,0.019802087069978436,0.6661641021008379,0.013069725931873779,330.6,10.05186549850325,164.2,8.908422980528035,233.0,0.043145850153581286,60.0,43.0,0.9123794106512273,0.8630435005378658,0.6824609244348792
37,37,lgbm,random,0.6812000000000001,0.011249888888340153,0.6803208625971491,0.009486521756922136,0.6776643798534178,0.01671850970848391,0.6789561051482021,0.012760357418475572,337.2,8.084553172563094,158.4,4.079215610874228,351.0,0.05891925434357364,42.0,45.0,0.9290893624880314,0.06693954842863636,1.7493182829838358
38,38,lgbm,random,0.6614000000000001,0.006858571279792904,0.6628251216448489,0.008041177967501024,0.6507220026989244,0.01694335059678034,0.6565722706168227,0.009214166549108619,323.8,8.471127433818948,164.8,7.678541528180986,153.0,0.16697481633447067,24.0,12.0,0.7011369155110199,0.9056774571982121,1.549490797521574
39,39,lgbm,random,0.6622000000000001,0.01421829806974099,0.6614589543045948,0.011908796461429949,0.6575573925480594,0.028738213641180437,0.6592884791457004,0.01841960742139232,327.2,14.3024473430249,167.4,7.472616676907761,205.0,0.14968485319239078,40.0,16.0,0.5610249334151005,0.602002006791438,1.5510291667291674
40,40,lgbm,random,0.6768000000000001,0.011599999999999977,0.6761729850733109,0.015785279919235517,0.6740474978384363,0.022024450434607858,0.6747670956721314,0.01189680820982521,335.4,10.781465577554842,161.0,14.142135623730951,319.0,0.03830490601677901,76.0,11.0,0.7251752934836355,0.3039123053407655,1.5527990485942909
41,41,lgbm,random,0.6768000000000001,0.008158431221748464,0.6770310511798036,0.008099205747438108,0.6704184949051741,0.019476051281273745,0.6735507966322578,0.010910243462263014,333.6,9.687104830649867,159.2,7.2221880341071145,180.0,0.053303901452723304,43.0,31.0,0.8019328444744065,0.19093066277973914,1.8370314345206915
42,42,lgbm,random,0.6688000000000001,0.014864723340849616,0.6692694580025048,0.01764488251421483,0.6619726390471342,0.012789377260183876,0.6655025284880416,0.01318695121447138,329.4,6.499230723708768,163.0,12.049896265113654,202.0,0.1494814480290349,34.0,17.0,0.7993292420985183,0.15601864044243652,0.8119890406724053
43,43,lgbm,random,0.6686,0.01448585516978543,0.6687159588528013,0.007712113027085647,0.6615904260906806,0.04287921474158098,0.664526314804046,0.023408935306860335,329.2,21.216974336601343,163.0,9.612491872558333,355.0,0.045437213853066,78.0,26.0,0.5860662807790155,0.8110363919968716,0.6494827071739764
44,44,lgbm,random,0.67,0.010601886624558866,0.6640081400181359,0.011382110732003722,0.6820691215566491,0.00994961201136449,0.6728902867689777,0.009864793445639628,339.4,5.122499389946279,171.8,7.359347797189639,376.0,0.09488125596731464,65.0,13.0,0.6802504181281428,0.35931083780807194,1.7184767612363034
45,45,lgbm,random,0.6648,0.007194442299441986,0.6634432624287019,0.010926995149982705,0.6631855389364298,0.013773065002882395,0.663151778725195,0.006878547866761726,330.0,6.81175454637056,167.6,9.748846085563153,231.0,0.13072195002598386,81.0,31.0,0.7222347479859015,0.47280796975548534,0.5970440018128917
46,46,lgbm,random,0.663,0.008740709353364871,0.662161058762428,0.012122084043796708,0.6599751117144634,0.017150975616406206,0.6608449032079449,0.008723748759652502,328.4,8.404760555780278,167.8,11.408768557561329,289.0,0.06870702382344793,78.0,29.0,0.8790379323249089,0.3130769356316798,2.3744747149767953
47,47,lgbm,random,0.6544000000000001,0.008822698000045119,0.6551146394744338,0.00848903290933995,0.6451100175349284,0.015959443426169055,0.6499953511134129,0.01065013640566561,321.0,7.6681158050723255,169.0,5.621387729022079,235.0,0.15776362557837711,28.0,18.0,0.91171558704774,0.37206340363327506,2.456519466632673
48,48,lgbm,random,0.6611999999999999,0.009558242516278825,0.6627245611805936,0.011281741490044114,0.6503260527017527,0.01408549276826999,0.6563612141912276,0.00983389088739403,323.6,6.916646586316233,164.8,8.565045242145542,100.0,0.09397256466549626,88.0,37.0,0.8468884129039063,0.10821174675251732,2.4266630608509567
49,49,lgbm,random,0.6674,0.011740528097151348,0.6652701589144834,0.011117803648652055,0.6676209869659726,0.023434611448351978,0.666249772193148,0.014378983505831713,332.2,11.42628548566856,167.2,8.588364221433554,273.0,0.06705927479427215,74.0,22.0,0.8416383799874935,0.5668846594996723,1.5939317604860634
50,50,lgbm,random,0.6682,0.020701690752206674,0.6686930331796314,0.021905238778135324,0.660775900382213,0.020541398245293194,0.6646629040570815,0.020492469530463502,328.8,10.166612021711067,163.0,12.049896265113654,276.0,0.049376187653932466,53.0,40.0,0.6981649548613884,0.37731509769112404,2.493148460309299
51,51,lgbm,random,0.6740000000000002,0.01193314711214105,0.6723691727006983,0.012816574206931651,0.6728370221327968,0.010881441122010787,0.6725810913182257,0.01123580877009302,334.8,5.192301994298868,163.2,7.520638270785266,157.0,0.03670682733044191,93.0,15.0,0.8220098635099155,0.2842129987402895,2.3986756133000102
52,52,lgbm,random,0.675,0.011999999999999985,0.6729713833800541,0.012066030119882061,0.6748377817103425,0.013437145165187245,0.6738801389651136,0.012135893460382201,335.8,6.734983296193095,163.2,6.675327707311454,256.0,0.0339176972354801,43.0,32.0,0.8092108846748052,0.09828446533689916,1.7402626197537177
53,53,lgbm,random,0.6504000000000001,0.011288932633336078,0.6491223961446989,0.013566716576416291,0.64790752547413,0.006525334253364878,0.6484788895706834,0.00949658699833165,322.4,3.3823069050575527,174.4,8.97997772825746,125.0,0.1318132484270247,57.0,32.0,0.8871656044790572,0.7242331172209213,1.4058264915266077
54,54,lgbm,random,0.6728000000000002,0.017278888853164157,0.6713006349675186,0.020291832267189728,0.6720192641794542,0.009847318413440043,0.6715993847025744,0.014657448433261694,334.4,5.122499389946279,164.0,13.099618315050252,211.0,0.059089998859807286,35.0,33.0,0.995753733509342,0.23628026998494156,0.9340601111789972
55,55,lgbm,random,0.6578000000000002,0.011443775600735983,0.6592302591504958,0.01246464891057778,0.6467075545643338,0.009758083841950791,0.6528945745711843,0.010738355077168344,321.8,4.749736834815167,166.4,7.2,254.0,0.17574838799846812,49.0,47.0,0.7655619149036266,0.2855442354647988,2.225260754103279
56,56,lgbm,random,0.6639999999999999,0.007483314773547889,0.6630959585891253,0.0038372344341608216,0.6603710617116353,0.03043805063023276,0.6613524233899929,0.01511932572926129,328.6,15.13406752991409,167.0,8.740709353364863,292.0,0.13105524370037064,34.0,33.0,0.6343252668077108,0.9580958892301569,0.6923882048920007
57,57,lgbm,random,0.6654000000000001,0.020915066339842216,0.6641178917514214,0.01900085012224841,0.6619548617003224,0.03456193073252497,0.6628390551566193,0.025418313094477053,329.4,17.408044117591157,166.4,8.685620300243386,314.0,0.0645715649327592,99.0,44.0,0.8512218801899101,0.8062254678090192,2.3742668599948202
58,58,lgbm,random,0.656,0.019758542456365567,0.6537588766963104,0.018086592732168113,0.6555485523583267,0.028980532048735488,0.654557607459909,0.022840020121008248,326.2,14.4138821973818,172.6,7.735631842325487,391.0,0.15501320405066674,45.0,24.0,0.9812501522735583,0.9650639859718202,1.57542331948331
59,59,lgbm,random,0.6656000000000001,0.009414881836751864,0.6628894735371179,0.00633323241005229,0.6671951387037082,0.026234354217808047,0.6648170412242896,0.01462956290004279,332.0,13.16054710108968,168.8,6.144916598294887,277.0,0.15069251815736728,43.0,25.0,0.5420784704307291,0.5735736839376276,1.0638795337258256
60,60,lgbm,random,0.6632,0.0017204650534085267,0.6633524338912271,0.008000311332490474,0.6571549780611379,0.021261021619063656,0.6599227992088443,0.007069736940477729,327.0,10.583005244258363,166.2,11.070682002478438,305.0,0.1461976957920333,30.0,25.0,0.8158161776727049,0.7410731581372827,1.99685605463764
61,61,lgbm,random,0.6522,0.009682974749528171,0.6512642489797387,0.011752114016245168,0.6487155866928479,0.013474268537460045,0.649870564756551,0.009287283187579466,322.8,6.675327707311454,173.0,9.444575162494075,199.0,0.15936471124889298,36.0,44.0,0.7457478194122256,0.5542916208769794,0.9746394593066623
62,62,lgbm,random,0.6658000000000001,0.013614697940093977,0.6662068860417695,0.012815408603684438,0.6579646554022933,0.020067361849577834,0.6619911636152104,0.015547799293915384,327.4,9.89141041510259,164.0,6.511528238439882,118.0,0.11134514148061071,29.0,21.0,0.7057009999048872,0.6314153737307647,1.081886474532268
63,63,lgbm,random,0.6646,0.011909659944767535,0.6624694286204583,0.006625413711307058,0.6640032968897722,0.029046899672075636,0.663028018639429,0.017554590207998703,330.4,14.277254638059796,168.2,3.7629775444453557,144.0,0.10290383956907082,52.0,27.0,0.9109119480588979,0.747134048491792,2.0710991361154134
64,64,lgbm,random,0.6602,0.010609429767899884,0.6628462152428924,0.01757173525429247,0.647904293229255,0.024979044178416968,0.6547418926889007,0.010819098674344935,322.4,12.515590277729611,164.6,16.954055562018194,219.0,0.11277179628118034,71.0,31.0,0.8077179242359511,0.8637684234480363,1.934906531793765
65,65,lgbm,random,0.6694000000000001,0.003072458299147446,0.6698807795280223,0.006832739602617054,0.6623936389420862,0.01972811134953312,0.6658653646562714,0.007561789137035591,329.6,9.58331884056875,162.6,9.286549412995118,217.0,0.034710407925387085,91.0,39.0,0.6516881904392051,0.16295022250708835,1.8986275064555331
66,66,lgbm,random,0.6716,0.01423516771941941,0.6697631229094491,0.016898787510649264,0.6716330109169071,0.017190061891924215,0.6705437180803735,0.013544076978654363,334.2,8.376156636548771,165.0,11.832159566199232,120.0,0.059310349896959456,71.0,23.0,0.8395544377228157,0.19445005733386767,1.002420766973987
67,67,lgbm,random,0.6614000000000001,0.01309350984266634,0.6622633372549929,0.013185431832901766,0.6523486299322037,0.018533045398592147,0.6571649856373944,0.013868986795588777,324.6,8.912911982062877,165.6,8.522910301065007,302.0,0.17270294161799465,29.0,37.0,0.529998964780309,0.38627778104270893,0.9262997173687113
68,68,lgbm,random,0.6766000000000001,0.005678027826631361,0.6796082620436371,0.005992814493012155,0.6623815180238054,0.00707822819300809,0.6708695078486475,0.005780500011238913,329.6,3.4409301068170506,155.4,3.7202150475476548,302.0,0.05209432919976728,48.0,34.0,0.5309588473155646,0.3690112442318513,1.1453328146761317
69,69,lgbm,random,0.6768,0.013541048703848589,0.6742943826980158,0.018058577151799544,0.6796691797370569,0.022443896844170082,0.6766055316602121,0.012982711322637458,338.2,11.070682002478437,163.8,15.091719583930786,154.0,0.09023680732667563,75.0,30.0,0.9301618991842455,0.14305329511753428,1.0626445875313442
70,70,lgbm,random,0.6626000000000001,0.017211623979160144,0.6629008524155287,0.017337674522030826,0.6555501684807641,0.02719822880695235,0.658960352549355,0.019064799744056057,326.2,13.481839637082173,166.0,11.815244390193543,314.0,0.16086394416138233,80.0,10.0,0.5852866668881198,0.8616193096936352,0.5647805312206462
71,71,lgbm,random,0.6638,0.017747112441183186,0.6602604778525726,0.01985018844250428,0.6692193320565967,0.01621548779679171,0.6645963705156467,0.016012038875674414,333.0,7.92464510246358,171.6,13.305637902783918,207.0,0.14386799520246607,75.0,28.0,0.5847643871477171,0.7633312552296422,0.8955616611630361
72,72,lgbm,random,0.6598,0.010665833300778716,0.6542003364733573,0.008966987425595272,0.6708152529635645,0.018637219560434088,0.6623349831086138,0.012758432376300389,333.8,9.368030742904295,176.4,5.0039984012787215,375.0,0.13265139499180312,89.0,25.0,0.7063073218632174,0.5878474760251806,1.9321475765839922
73,73,lgbm,random,0.6754,0.00803990049689668,0.6747205615662681,0.011610789088703867,0.6720265367304228,0.008707305497575965,0.6732664403286167,0.005846276597760985,334.4,4.317406628984581,161.4,9.478396488858229,246.0,0.11079313964534203,36.0,18.0,0.8051286135564981,0.4929889836111917,0.9289239955828703
74,74,lgbm,random,0.658,0.009055385138137424,0.6582884542091019,0.00904580582224704,0.650330901069065,0.01587938315955043,0.6542042457060985,0.01062093886661122,323.6,7.709734106958552,168.0,6.099180272790763,237.0,0.16973444274872976,24.0,19.0,0.7757866540881264,0.6891046897349038,2.1964777814363656
75,75,lgbm,random,0.6512,0.010665833300778716,0.652979201955856,0.008975988799506293,0.637855243913279,0.019815154226287383,0.6452549115725159,0.013955033797571861,317.4,9.971960689854328,168.6,3.826225293941799,348.0,0.136833756416251,28.0,10.0,0.9648290885870345,0.6796920413761299,1.5885516328496678
76,76,lgbm,random,0.6646000000000001,0.019438106903708518,0.666612674206371,0.01986583647771854,0.6523187316671111,0.027841737201080144,0.6591980507478434,0.02128685216942541,324.6,14.008568806269967,162.4,11.62067123706716,261.0,0.10769894579684795,20.0,36.0,0.8560135409001765,0.35924847506220126,2.213371037875266
77,77,lgbm,random,0.673,0.01164474130240768,0.6709226904019916,0.016340509257821965,0.6744410236519519,0.015937367551438226,0.672420038664533,0.00946850584927165,335.6,7.863841300534999,165.0,13.914021704740868,315.0,0.034854890676806416,57.0,34.0,0.9040251824532433,0.34115110179783437,2.2779641647063333
78,78,lgbm,random,0.6686,0.009748846085563161,0.6689398334912383,0.010850893614246418,0.6615758809887436,0.0159836398476485,0.6651290627059528,0.010817421106952592,329.2,7.959899496852959,163.0,7.974960814950754,297.0,0.16309995384621956,60.0,39.0,0.9826486250781302,0.4440198242192893,2.1624697531216963
79,79,lgbm,random,0.6622000000000001,0.013702554506368524,0.6615876139543712,0.01187148225234225,0.6571695231630749,0.024294057243773304,0.6592446938646572,0.016748392164430703,327.0,11.882760622010357,167.2,6.209669878504009,289.0,0.10021011389221726,40.0,34.0,0.574589082726054,0.820277935819415,1.1427280632192758
80,80,lgbm,random,0.6584,0.011586198686368203,0.6543660573376353,0.013465566633443211,0.6651968033098188,0.013853133528536052,0.6596281860937893,0.010664337641251144,331.0,6.81175454637056,175.0,10.21763181955584,275.0,0.13142344873332196,30.0,13.0,0.8989686329218449,0.8825398436572417,1.9820235999174913
81,81,lgbm,random,0.6634,0.01677617358040863,0.661739777163581,0.01850905488982867,0.6623669729218686,0.0160890095058045,0.6619971235501155,0.01623806517570419,329.6,8.260750571225351,168.6,10.983624174196786,293.0,0.08112733150339524,95.0,21.0,0.9569095928225133,0.8374647283763942,0.6189761314498119
82,82,lgbm,random,0.6744,0.019642810389554715,0.6747020470761916,0.0202911450916649,0.6680306740038626,0.026528652099565054,0.6711509073195979,0.020622612977910227,332.4,12.893409169028956,160.4,12.658593918757328,231.0,0.04320206370863776,47.0,23.0,0.8903221293465879,0.7757529055931681,1.8112362021078747
83,83,lgbm,random,0.6718,0.010998181667894026,0.6730051011577174,0.015165245635793093,0.6631798825078988,0.012441688433808737,0.6679001002248388,0.009258410409676534,330.0,6.29285308902091,160.6,11.637869220780924,182.0,0.11484862523204188,59.0,10.0,0.9534267514092118,0.27373308559780285,0.6564112805826088
84,84,lgbm,random,0.674,0.022969545054266946,0.6699453197255479,0.021509872076962894,0.6796845329002125,0.03504998040126177,0.6745137713368617,0.025943348009828057,338.2,17.232527382830412,166.6,12.674383614203888,341.0,0.08553634741733987,98.0,10.0,0.8633781937159153,0.2754019958793309,0.7196162679540223
85,85,lgbm,random,0.6618,0.005268775948927802,0.6589568299174375,0.006388320066903121,0.6643758131116013,0.020678285955447302,0.6614422321245653,0.00975210274443658,330.6,10.499523798725349,171.2,8.37615663654877,260.0,0.10634296029681105,71.0,23.0,0.8268993561962978,0.2735065343522666,1.5462521567000684
86,86,lgbm,random,0.6517999999999999,0.010533755265810964,0.6534208150686013,0.010913278929794094,0.6394754066568084,0.009497762987821713,0.6463699576885411,0.010112692452594049,318.2,4.534313619501853,168.8,5.844655678480983,248.0,0.17896065653163168,48.0,45.0,0.5564031219280988,0.7280879037635531,2.0669811168921286
87,87,lgbm,random,0.6674000000000001,0.0037202150475476583,0.6653980683576717,0.0053989788612094965,0.6672056434995515,0.006881993970806541,0.6662601938406727,0.00331402482801085,332.0,3.286335345030997,167.0,5.019960159204453,287.0,0.07100475866817983,26.0,16.0,0.7822822080580327,0.6237014596808104,2.3579493693627853
88,88,lgbm,random,0.6656000000000001,0.011943198901466903,0.6655891624773942,0.015001846858550926,0.6603953035481969,0.02800385992597911,0.6625605188001519,0.014902618343621951,328.6,13.632314550361578,165.4,13.661625086350453,388.0,0.10607245323196202,40.0,47.0,0.8611118260770707,0.23140504743380175,0.7602565842470284
89,89,lgbm,random,0.6639999999999999,0.009715966241192904,0.6634295956447703,0.007383161869783168,0.659177555291589,0.02712337492313041,0.6610322033182225,0.015202864502957845,328.0,13.341664064126334,166.4,7.525955088890711,386.0,0.06839057014675053,42.0,47.0,0.8174003867960912,0.24792124342910993,1.1608573966115001
90,90,lgbm,random,0.6686,0.01506784656146987,0.667549157124854,0.017955278830561847,0.6664040467705833,0.009313847301345452,0.6668982190912354,0.012321773156730794,331.6,4.454211490264018,165.4,12.208193969625484,257.0,0.053652849151411094,87.0,49.0,0.9522488654026469,0.18607826266704097,1.0354190288263234
91,91,lgbm,random,0.6524000000000001,0.009178235124467022,0.6503668102886482,0.00884077179715268,0.6519332864657825,0.016056458157193858,0.6510758707204191,0.010939193083913367,324.4,7.914543574963751,174.4,5.782732917920384,278.0,0.17861761331076226,49.0,46.0,0.7291885455147279,0.5388698924508895,1.141626589072497
92,92,lgbm,random,0.6734000000000001,0.006887670143089032,0.675707772089592,0.008466746876822551,0.6611775068079158,0.016485940063454857,0.6682164430076641,0.008645045546661748,329.0,8.12403840463596,158.0,7.8230428862431785,222.0,0.16710351190184977,38.0,21.0,0.9121371152954908,0.00799211859966853,0.685489831214652
93,93,lgbm,random,0.6668000000000001,0.01779213309302735,0.6660567100504007,0.016796367428642114,0.6623734374116184,0.024812437256558847,0.6641172963804689,0.019739417492820904,329.6,12.43543324536785,165.2,8.704022058795577,252.0,0.07608615140153549,68.0,23.0,0.5671243952946167,0.5207866877270976,0.7303720377532232
94,94,lgbm,random,0.6577999999999999,0.018170305445974224,0.6572299156063768,0.020802352604293715,0.6539477830840464,0.011821783737661011,0.6555106970230218,0.015376769250503169,325.4,5.642694391866353,170.0,13.579396157414365,287.0,0.1477736639312146,87.0,32.0,0.6941508742077875,0.22282193148487783,0.7314011679873935
95,95,lgbm,random,0.667,0.010526157893552624,0.6646369120750476,0.011255672359743058,0.6680104724733946,0.014371792926947223,0.6662413809575917,0.010645558952160752,332.4,7.059745037889115,167.8,7.833262411026455,397.0,0.058603202793627435,82.0,15.0,0.8594629477947032,0.5329833834341422,2.2389242000082286
96,96,lgbm,random,0.6642,0.014413882197381813,0.6664964662407484,0.017727181958599843,0.6519357106494388,0.012357312217712507,0.6590116505330856,0.0121634891869967,324.4,5.986651818838306,162.6,12.370933675353692,184.0,0.101283994886468,86.0,16.0,0.5462004075378271,0.5619739983126795,1.6428239303723517
97,97,lgbm,random,0.6566,0.013320660644277383,0.6551471016430768,0.01552179985605129,0.6551412895040928,0.016164783007392394,0.6550069274471169,0.01256807542203245,326.0,8.12403840463596,171.8,11.26765281680262,190.0,0.15326010834824572,71.0,17.0,0.6422905045143158,0.7712165880097541,1.0978872644715552
98,98,lgbm,random,0.6666000000000001,0.0098914104151026,0.6653730089409615,0.01604308474034988,0.6659951677939121,0.022325726623660166,0.6652382312013092,0.00916804283403878,331.4,11.128342194594843,167.2,16.412190591142913,142.0,0.1150783523176327,85.0,14.0,0.7489371389373092,0.11891018660926722,1.2771190455657404
99,99,lgbm,random,0.6628000000000001,0.007440430095095316,0.662426886568295,0.010387301788741098,0.6579638473410746,0.007934914713539836,0.6601014989419134,0.005259808429899809,327.4,3.7202150475476548,167.0,8.67179335547152,229.0,0.1383809511602801,60.0,19.0,0.8670313024202227,0.7010090560320762,0.8866262073161812
100,100,lgbm,random,0.6526,0.008522910301065015,0.6518899379524319,0.006317858389112098,0.6475139996606144,0.01714283175542182,0.6496330941382489,0.011380481692713686,322.2,8.423775875461075,172.0,2.898275349237888,108.0,0.1306733450424329,99.0,20.0,0.5023594280954863,0.12156912078311422,1.8414981694535573
101,101,lgbm,random,0.6644,0.013499629624548976,0.663436480398113,0.012372555459861722,0.660755698851745,0.025792203499694633,0.6619015416153081,0.016774632415141703,328.8,13.044539087296261,166.8,8.352245207128439,111.0,0.11560013803022097,83.0,33.0,0.5857608281125515,0.6852769816973125,2.167793725272153
102,102,lgbm,random,0.6734,0.011689311356961942,0.6739282990360647,0.014359643091628984,0.6664080870766769,0.011933842198343626,0.6700587962772304,0.010569857604054975,331.6,5.6780278266313555,160.6,9.666436778875658,356.0,0.08963361525087085,86.0,19.0,0.5861533835866215,0.5283437532726564,0.9765320168755198
103,103,lgbm,random,0.6694,0.011110355529864889,0.6689061887542944,0.012321754535952677,0.6651733695344759,0.024731466611740242,0.6667541432658683,0.013974269972492176,331.0,12.569805089976535,164.0,11.135528725660043,363.0,0.06886410240927554,77.0,16.0,0.9138161238103206,0.587171260125725,1.418707491289424
104,104,lgbm,random,0.6853999999999999,0.01385063175454459,0.6838075093097891,0.01619959408417202,0.6848755181692565,0.020937415127468214,0.6841300456477706,0.014464533646606135,340.8,10.609429767899876,157.8,12.172099243762352,169.0,0.04865121226195061,34.0,48.0,0.6492372877700416,0.18570674210061677,2.044274614648864
105,105,lgbm,random,0.6582000000000001,0.007194442299441986,0.6547152199482446,0.008466454382674045,0.6631887711813047,0.025742612780531565,0.6585967785853402,0.01194806707601168,330.0,12.743625857659193,174.2,10.777754868245983,292.0,0.07923980012555377,93.0,46.0,0.8247726898852246,0.9160376901599767,1.968839601631307
106,106,lgbm,random,0.6622,0.0067349832961931,0.6607999219889142,0.008579382515045546,0.660371869772854,0.01621945260869618,0.6604330357623895,0.008140853731995563,328.6,8.039900496896712,168.8,8.565045242145542,395.0,0.10144038280423547,40.0,20.0,0.926029908737652,0.7388102113969359,2.448863178686053
107,107,lgbm,random,0.6600000000000001,0.004147288270665548,0.658526292636745,0.005698983222482532,0.6579573828513248,0.0016448494499368492,0.6582309568470814,0.003246194093887169,327.4,1.019803902718557,169.8,4.019950248448356,162.0,0.17865872311008818,90.0,24.0,0.5382522725510016,0.8958253215347363,1.2706916205956225
108,108,lgbm,random,0.6571999999999999,0.01954891301325982,0.6541990857050719,0.01850062202884258,0.6603710617116353,0.03689274563997947,0.6568229557259442,0.023386622345639596,328.6,18.358649187780674,173.8,13.731715115017497,199.0,0.1660827953007679,95.0,32.0,0.5645571432898695,0.6862414577769264,1.8673498819290386
109,109,lgbm,random,0.666,0.017674840876228576,0.6645137824679835,0.017131721600719678,0.6639903679102728,0.02359596672689401,0.6641600711415739,0.01901956850760654,330.4,11.706408501329518,166.8,9.195651146058118,362.0,0.12530708434964685,33.0,25.0,0.5972846241030003,0.7749536640090757,1.915786882361624
110,110,lgbm,random,0.6602,0.022265668640308097,0.6591885104829374,0.026994082699626824,0.6595516876358553,0.018966477538818406,0.659039846206522,0.01840290230793636,328.2,9.682974749528164,170.4,20.450916849862747,228.0,0.1519279911277317,35.0,35.0,0.8063912907776708,0.6794905525204168,1.8649262584451798
111,111,lgbm,random,0.6712,0.009987992791347027,0.6742373810915581,0.012904097601569537,0.6571557861223567,0.017409930337700996,0.6653864117856771,0.010502683960564044,327.0,8.648699324175862,158.2,10.796295661012623,312.0,0.09540885290567552,61.0,12.0,0.6476626522014381,0.1491629571394898,0.5449566490883235
112,112,lgbm,random,0.6618,0.016129476122924778,0.6567759168493612,0.01564849310129936,0.6708015159228464,0.01965108153423798,0.6636864793024644,0.017171596171731522,333.8,10.087616170334794,174.4,7.709734106958554,200.0,0.13613633130524821,85.0,15.0,0.7382508135472597,0.6089615362342131,1.0053604402364154
113,113,lgbm,random,0.6784000000000001,0.008522910301064987,0.6806781281253707,0.011545477822058272,0.6668080773799423,0.01253096567636879,0.6735563708881939,0.008219586743514471,331.8,6.046486583132389,155.8,8.726969691708572,265.0,0.04847894274507119,94.0,12.0,0.7182467737893041,0.12767773423351192,1.6517157488498662
114,114,lgbm,random,0.679,0.006572670690062,0.6771891942585793,0.004651328757467,0.6780441686262152,0.01447539382204336,0.6775701175939248,0.009239345839688533,337.4,7.445804187594513,160.8,2.3151673805580453,174.0,0.048962816374836786,29.0,24.0,0.689661641170102,0.20538570375512588,1.6829465139070363
115,115,lgbm,random,0.666,0.014028542333400158,0.6674183059219744,0.017465032879187943,0.6567388265334981,0.023574736791934912,0.6616978252049688,0.014472650608821387,326.8,11.923086848631105,163.2,14.034243834279065,374.0,0.07373504262727618,26.0,26.0,0.7884003743629017,0.7278717122573454,0.8810808064971258
116,116,lgbm,random,0.6666000000000001,0.019407215153133105,0.6641298645694385,0.020297374157050456,0.6684007660420352,0.028797291746686278,0.6659724194991519,0.02087608875470446,332.6,14.430523206037956,168.4,14.150618361046984,149.0,0.10604634876825417,62.0,41.0,0.6949045091268145,0.6202518794071722,0.6779330444037013
117,117,lgbm,random,0.6638,0.022139557357815434,0.6650168815746577,0.024292530565782528,0.6543251476731877,0.021027481320833503,0.6595463464156568,0.021491428847586952,325.6,10.707007051459337,164.2,14.105318146004363,212.0,0.07489996661157097,39.0,43.0,0.5203578143806888,0.9897162089613579,1.7137404538005918
118,118,lgbm,random,0.6706000000000001,0.012026637102698337,0.6707432808286974,0.012596135916403751,0.6643960146420692,0.021258718820347786,0.6673692664937946,0.013761543479482684,330.6,10.480458005259122,162.4,9.911609354691095,356.0,0.04711449799590322,29.0,12.0,0.6899014325493036,0.9863839815389219,1.8395527918763201
119,119,lgbm,random,0.674,0.017469974241537956,0.6752264277632583,0.017933924615959034,0.6647976210677721,0.026004804577093612,0.669774470985607,0.01922571153103759,330.8,12.859237924542807,159.2,11.01635148313633,126.0,0.0606071576410507,59.0,46.0,0.8154157441549342,0.056925165405689815,0.5855377655399634
120,120,lgbm,random,0.6691999999999999,0.012302845199383735,0.6694874991300489,0.014694308163275265,0.6627936292453517,0.012536559935630007,0.6660228924303294,0.010894882282915987,329.8,5.912698199637792,163.0,10.430723848324238,267.0,0.08483242628681525,30.0,30.0,0.7668362779575022,0.9592985286159484,2.404987124419548
121,121,lgbm,random,0.6652,0.0143443368616329,0.6619458003897554,0.012789459920323994,0.6684031902256915,0.024339274789368134,0.6650380091439023,0.017174028064801818,332.6,12.191800523302536,169.8,7.0823724838503095,364.0,0.1786814106624154,85.0,29.0,0.9150890691488169,0.40791941490448025,1.6115811996654688
122,122,lgbm,random,0.6654,0.013062924634246357,0.6638489729272969,0.011687267367803861,0.6635903776070076,0.025255192514501652,0.6635320869089345,0.016313972552494782,330.2,12.512393855693642,167.2,8.084553172563096,372.0,0.06323581897623679,79.0,44.0,0.9670044130946718,0.9206277520545487,0.999954703282909
123,123,lgbm,random,0.6628000000000001,0.00868101376568429,0.6627797898855248,0.012169836863690503,0.6571509377550443,0.014480139898979673,0.6597792036165535,0.0079462323330034,327.0,7.293833011524188,166.6,10.781465577554844,198.0,0.11269721536243368,77.0,32.0,0.7054621863545094,0.5796942970226101,0.7799015252607691
124,124,lgbm,random,0.66,0.012537942414925994,0.6593030516202438,0.012174367190673198,0.6555469362358892,0.02143233924247914,0.6572810101964185,0.014631397139530777,326.2,10.665833300778706,168.6,8.357032966310472,256.0,0.14182072273284196,86.0,10.0,0.7802080042090487,0.25477224792532105,0.8628665308350683
125,125,lgbm,random,0.6736000000000001,0.012846789482201356,0.6744488411742185,0.01588880212808472,0.6660056725897554,0.012300324380775801,0.6700775908595271,0.011048064975493146,331.4,5.885575587824865,160.2,11.651609330903607,257.0,0.03862960427521346,87.0,23.0,0.5655425748553515,0.7885440068182308,1.5133722218798455
126,126,lgbm,random,0.6838000000000001,0.009620810776644522,0.6858037762446942,0.009967042523272334,0.672830557643047,0.009848745671194597,0.6792466090498854,0.009617661600176202,334.8,4.874423042781576,153.4,5.314132102234569,211.0,0.049221610805100055,23.0,26.0,0.5577392813355209,0.7477276197510565,1.2660914402030914
127,127,lgbm,random,0.6834,0.012579348154813081,0.6819197760119726,0.012295151763851299,0.682086898903461,0.025440886865448775,0.6817609878877737,0.015272296740444693,339.4,12.483589227461787,158.4,9.308061022576078,301.0,0.03825204965468082,56.0,13.0,0.8863953239764543,0.5521488787070138,0.6725537981767742
128,128,lgbm,random,0.667,0.0190997382181013,0.6662293412534593,0.0190603347499896,0.6631928114873983,0.027230820396171255,0.6645130909346758,0.020701347004526454,330.0,13.446189051177289,165.4,11.689311356961968,310.0,0.16380285754406246,30.0,44.0,0.7597552025278074,0.3660724509170249,1.2204385368615291
129,129,lgbm,random,0.6586000000000001,0.009810198774744585,0.6585226041963124,0.010199292705595615,0.6523421654424539,0.020115563061164052,0.6552527929737076,0.01196601872673148,324.6,9.830564581955606,168.4,8.309031231136396,195.0,0.10187462665318671,82.0,32.0,0.6047265938433048,0.9543038868631366,1.0388448817877372
130,130,lgbm,random,0.6692000000000001,0.004955804677345551,0.6701359345851847,0.004177735330453143,0.6603734858952914,0.019579428480595313,0.6650437548612411,0.0094958707331159,328.6,9.687104830649867,161.8,6.523802572120036,217.0,0.07673165416913849,30.0,27.0,0.8811695445101059,0.8520387330735313,2.227254947719649
131,131,lgbm,random,0.656,0.004857983120596453,0.6553799792835932,0.007857385483111318,0.6515187510605804,0.008830026028756755,0.6533559501647809,0.003530735690914846,324.2,4.707440918375927,170.6,7.657675887630659,322.0,0.17221637487604047,45.0,47.0,0.5495231007285762,0.6331399100979177,1.704874459716038
132,132,lgbm,random,0.6626000000000001,0.01684755175092213,0.6613826415153209,0.019385889442297737,0.661171042318166,0.027099022939420982,0.660905280550876,0.017745089408435253,329.0,13.520355024924458,168.8,15.548633380461448,181.0,0.09638895328563186,41.0,44.0,0.6784508873859674,0.9621219337587389,1.2124797094374162
133,133,lgbm,random,0.6660000000000001,0.012263767773404724,0.6630453666689423,0.010910383055003515,0.6684088466542225,0.02122687145491653,0.665611221602419,0.014589880758652356,332.6,10.556514576317317,169.0,6.48074069840786,261.0,0.08441203876919393,21.0,31.0,0.9775230353247479,0.6595084458780579,1.8662512348764715
134,134,lgbm,random,0.6632,0.006852736679604732,0.6651465868500221,0.0055229047107573145,0.6507098817806437,0.01847525352909994,0.6577338410935983,0.010732738336105208,323.8,9.431860898041277,163.0,4.979959839195493,138.0,0.09716463672707178,70.0,30.0,0.5976059387068254,0.4975485718501105,1.9861019359777878
135,135,lgbm,random,0.6692,0.007858753081755408,0.6694506943269882,0.014275894828628522,0.663591993729445,0.011276695958805497,0.6662853323294475,0.003845830241631478,330.2,5.418486873657626,163.4,12.483589227461788,259.0,0.047441552871124476,95.0,15.0,0.9314911566944506,0.7821322605557758,0.8150839997560393
136,136,lgbm,random,0.6570000000000001,0.013206059215375354,0.6570711601867602,0.008867485579760347,0.6491091125063636,0.029086070526632916,0.6528856379752842,0.01865960721504577,323.0,14.560219778561036,168.4,3.4409301068170506,323.0,0.1716123112456886,25.0,19.0,0.5762094992339503,0.24207133023642236,1.209380927278719
137,137,lgbm,random,0.6714,0.008731551981177237,0.6714473853660294,0.013699697026384646,0.6663927339135214,0.01813470790595646,0.668626018647168,0.008313319288626,331.6,9.134549797335389,162.6,13.093509842666327,322.0,0.10592190327705148,39.0,21.0,0.8499951763546784,0.4996003448516475,1.5054060438497259
138,138,lgbm,random,0.6462000000000001,0.006337191807101949,0.6432825307106149,0.007777354805914621,0.6491058802614886,0.0170855017564408,0.6460343358876722,0.008798989746236196,323.0,8.694826047713663,179.2,8.034923770640265,350.0,0.1512865051313081,89.0,44.0,0.976119219786671,0.8401008250536687,0.6551690309357898
139,139,lgbm,random,0.6696,0.012175385004179551,0.6712717458740768,0.014844634985488712,0.6591597779447771,0.011311981724730382,0.6650739248217609,0.010771643002910572,328.0,5.761944116355173,160.8,10.264501936285072,104.0,0.05803429970880393,32.0,11.0,0.6971804311832832,0.5128335890037787,0.8839062924084353
140,140,lgbm,random,0.6706,0.02267686045289335,0.6669307437268474,0.020659553931426114,0.6748353575266862,0.032063303673803424,0.6707135375042261,0.025050575603926165,335.8,16.004999218994044,167.6,10.744300814850634,204.0,0.057421068894191435,42.0,23.0,0.7264177288732055,0.5203813091067112,2.3310088116025574
141,141,lgbm,random,0.6714,0.008777243302996684,0.6676839243503849,0.011814776219238163,0.6768458138388564,0.008479972302471484,0.6721448322405437,0.006823005847736166,336.8,4.354308211415448,167.8,9.368030742904295,218.0,0.08342561772733356,87.0,12.0,0.7106930943988997,0.7142072212214646,0.8088717728518473
142,142,lgbm,random,0.6696000000000001,0.014164744967700631,0.669748689201137,0.013034126347626981,0.6628000937351014,0.021371971209964393,0.6661670763896648,0.01590687078888186,329.8,10.342146779078318,162.6,6.974238309665077,377.0,0.08648257273190565,32.0,36.0,0.9162357063860624,0.19988418727312518,0.7545085150306838
143,143,lgbm,random,0.6620000000000001,0.015244671200127615,0.659319629401065,0.014299204821271035,0.6635798728111643,0.026071248014898494,0.6612731286225448,0.01815066747715,330.2,13.044539087296261,170.6,8.616263691415208,178.0,0.14602142342174954,53.0,44.0,0.9192559027073458,0.2723008362078637,1.1789374929857381
144,144,lgbm,random,0.6754,0.007391887445030497,0.6742801061864918,0.008721446964603722,0.6728345979491406,0.00846170849802389,0.6735122289536833,0.006666943111602329,334.8,4.019950248448356,161.8,6.43117407632541,316.0,0.10151017457825774,23.0,44.0,0.8555532642735031,0.5079745153204936,1.4180876376839335
145,145,lgbm,random,0.6742,0.010684568311354432,0.6716806251723717,0.013394070400199918,0.6760409848650134,0.01023799290606431,0.6737688039054264,0.009218105011455466,336.4,5.238320341483518,164.6,9.830564581955606,137.0,0.03030446993790147,38.0,36.0,0.8261287768300702,0.7707390295296226,1.6962791587134505
146,146,lgbm,random,0.6618,0.012155657119218207,0.660221939339154,0.0134245232123777,0.6603767181401663,0.01648695710694212,0.6602025182583384,0.012585131974581162,328.6,8.06473806146238,169.2,8.840814442120138,354.0,0.07497309103042094,93.0,19.0,0.666927309890459,0.9023607146649215,1.225663633532224
147,147,lgbm,random,0.6708000000000001,0.012765578717786335,0.6691364795393702,0.009780483704801914,0.6691967063424725,0.031444317898001894,0.6688581950804209,0.018936687537429744,333.0,15.798734126505199,164.6,7.939773296511683,314.0,0.058835382647419,50.0,19.0,0.8456281601353183,0.937811078045349,2.3828322359535354
148,148,lgbm,random,0.6618,0.0059799665550904265,0.6614936956358071,0.00898951542042041,0.6567469071456853,0.012624432097896807,0.6589744085237466,0.005491831732901689,326.8,6.43117407632541,167.4,9.046546302318914,183.0,0.054657011188911336,71.0,24.0,0.5312225629307301,0.5757539121949001,1.7128102619789942
149,149,lgbm,random,0.651,0.00784856674813944,0.6495876789252646,0.008196943702287839,0.6487228592438163,0.016309757067245592,0.6490367466189851,0.009332010432267758,322.8,7.93473376995095,174.2,7.30479294709987,128.0,0.17695554049768736,21.0,33.0,0.9190360939175932,0.909790357768232,2.221963972097451
150,150,lgbm,random,0.6572,0.010087616170334802,0.6575975716814042,0.015735364647721687,0.6507244268825806,0.007175144270976044,0.6539480746851591,0.004498125812311461,323.8,3.54400902933387,169.0,13.535139452550904,328.0,0.16977221540134954,45.0,46.0,0.6745403695779909,0.5568058156759184,1.791238113524163
151,151,lgbm,random,0.6624000000000001,0.014485855169785468,0.660913349620889,0.01767281897164962,0.6615823454784936,0.020777761663210464,0.6610009926981315,0.014157282954562792,329.2,10.225458424931373,169.2,13.466996695625939,318.0,0.05652325516482365,64.0,17.0,0.9001569385371901,0.5744945095930365,2.0399415453017875
152,152,lgbm,random,0.6702,0.020282011734539532,0.668974943179518,0.017714444349361414,0.6667846436045994,0.031122604025454827,0.6677569158605291,0.023485505606806036,331.8,15.663971399361019,164.0,7.536577472566709,320.0,0.07527076044340861,79.0,16.0,0.6626866522660745,0.32093241081432944,1.3110819096512476
153,153,lgbm,random,0.6674,0.01609471963098458,0.6647402163723807,0.015280049620489117,0.6687950999167698,0.028489172014025503,0.6665643386690213,0.019889419755017405,332.8,14.344336861632886,167.8,8.97552226892675,195.0,0.13273302703632162,92.0,17.0,0.7905670518257912,0.9966051317474433,1.7905942023921582
154,154,lgbm,random,0.6666,0.010781465577554852,0.6671967947594861,0.012173067548616636,0.6587565553966368,0.012240621763582971,0.6628891712503643,0.01044729192045417,327.8,6.241794613730893,163.6,8.114185110040317,377.0,0.12458259110172397,39.0,32.0,0.6451656664406809,0.11695670208609432,1.775026183078698
155,155,lgbm,random,0.6716000000000001,0.013865064009949583,0.6733738572255771,0.016312247780432006,0.6611589213998853,0.017736036527082246,0.6670449297503822,0.013554240568314696,329.0,9.09945053286186,159.8,11.923086848631105,354.0,0.1129130219368032,89.0,32.0,0.5533133378281505,0.1854379611656044,0.9802128956250178
156,156,lgbm,random,0.6582,0.012967652061957874,0.6566383511229676,0.012235194693837501,0.6563469168424201,0.022352972689795962,0.6563495945225726,0.015286710769007816,326.6,11.18212859879549,170.8,8.328265125462805,144.0,0.16517441886551715,83.0,20.0,0.774583676777455,0.5965327159933547,1.2140131268290018
157,157,lgbm,random,0.6721999999999999,0.007959899496852968,0.6740470896225683,0.009702439359730225,0.6611670020120723,0.014566177828388763,0.6674280880169444,0.008812530993167417,329.0,7.402702209328699,159.2,7.807688518377255,268.0,0.09366085587280305,51.0,12.0,0.5367229516020656,0.8857325890401884,0.7715830004283635
158,158,lgbm,random,0.671,0.014872793954062552,0.6716868678352055,0.012261035395583797,0.6623871744523365,0.026968398521793377,0.6668561026789079,0.018561374491298275,329.6,13.33566646253572,161.0,5.89915248150105,306.0,0.05325101024336133,65.0,28.0,0.7756083665912601,0.7441971488103182,2.142094357318757
159,159,lgbm,random,0.674,0.006899275324264142,0.673580192905469,0.006159498596107524,0.6692217562402527,0.01590379824171505,0.6712959513565813,0.00913240760340074,333.0,7.720103626247513,161.4,5.4626001134990645,111.0,0.06271829433335971,40.0,22.0,0.7365379736309288,0.2824145110604416,1.8280946410028431
160,160,lgbm,random,0.6648000000000001,0.016485144827995873,0.6656220150742228,0.015478847068691213,0.6555396636849208,0.025452215883541986,0.6604244047277675,0.019324188888476285,326.2,12.765578717786358,163.8,7.95989949685296,254.0,0.07851518623551931,21.0,38.0,0.7466781234987354,0.0033083759146649294,0.7880204346395085
161,161,lgbm,random,0.6748000000000001,0.016951696080333655,0.6757210344559706,0.02185026421604291,0.6680128966570508,0.009738958972383114,0.6716641423828329,0.012816286358083047,332.4,4.6303347611160905,160.0,15.861904047118681,178.0,0.05167442629248821,51.0,46.0,0.7511907372444331,0.04371410032391265,2.1327310594349242
162,162,lgbm,random,0.6782,0.009389355675444359,0.68098817177023,0.008703387712901162,0.6647782275985229,0.02406056082388622,0.6725673166524648,0.013610460925717495,330.8,12.155657119218196,155.0,7.563068160475615,161.0,0.04687972223540658,82.0,49.0,0.9242284793255533,0.30271841790579557,1.1053750472102215
163,163,lgbm,random,0.6654000000000001,0.01080000000000001,0.6654604040849315,0.013737636832405475,0.659575121411198,0.017646664943250265,0.662312911662297,0.011046536316092781,328.2,8.611620056644394,165.2,11.070682002478437,242.0,0.10111344915950261,22.0,17.0,0.6463422993757437,0.8102013340069713,0.5543148318357833
164,164,lgbm,random,0.673,0.013038404810405267,0.67246856328887,0.011316973192232465,0.6684112708378788,0.025614301797120674,0.6702378585944028,0.016275049861611608,332.6,12.705904139414873,162.0,8.049844718999243,220.0,0.05860889767114333,47.0,34.0,0.7430323747390309,0.7117797684855637,0.6579684003458004
165,165,lgbm,random,0.6734,0.004715930449020642,0.6780737655891194,0.007717656273242464,0.6551622990957795,0.025949318821042226,0.6660147966716053,0.011242728814635708,326.0,12.696456198483101,155.0,10.507140429250958,320.0,0.037147476721460446,77.0,39.0,0.5516419074313679,0.6197597295972174,1.169552805760431
166,166,lgbm,random,0.6614000000000001,0.00985088828481981,0.6621400758537586,0.010894970795207728,0.6527348831947508,0.013712096607511158,0.6573279122789972,0.010283413932632837,324.8,6.794115100585211,165.8,7.626270385975048,105.0,0.0557526507533458,96.0,14.0,0.8926337146824461,0.5959530838548679,1.6989667183131152
167,167,lgbm,random,0.6722,0.010205880657738434,0.6712313219991353,0.01624667038935178,0.6708055562289399,0.017493549078218283,0.6706681595570078,0.007437419926224793,333.8,8.97552226892675,164.0,15.362291495737216,366.0,0.05476732482396274,23.0,17.0,0.9832156582555602,0.967243775474068,1.5015986771217842
168,168,lgbm,random,0.667,0.012361229712289966,0.6668204038593506,0.011684352345448543,0.6615742648663063,0.032230696561768496,0.6637535631799436,0.01807989494087559,329.2,16.067358214715945,164.6,11.128342194594845,313.0,0.043888164819232585,65.0,41.0,0.6687481707892988,0.8464454721898408,1.8028610988669476
169,169,lgbm,random,0.6718,0.010342146779078283,0.6688856566899221,0.00879455860915851,0.6740305285528432,0.018981575711041837,0.6713650636565875,0.012671193824370127,335.4,9.54148835350125,166.0,5.176871642217914,391.0,0.04670127724212554,78.0,13.0,0.927794063372582,0.9025598536073296,1.2602629833117571
170,170,lgbm,random,0.6686,0.01845643519209491,0.6653381591314872,0.016836884180039507,0.6716152335700952,0.025730740970242694,0.6683903771960968,0.020545325449031423,334.2,12.921300244170475,168.0,7.874007874011811,139.0,0.06402926738771375,64.0,20.0,0.752219044558678,0.5969377161760959,1.5505136125670995
171,171,lgbm,random,0.6766,0.020145470955031046,0.6782087584725058,0.023063540895066858,0.6675886645172238,0.028778663757684203,0.6724772266419998,0.02078275886940766,332.2,14.510685717773644,158.0,16.516658257650064,122.0,0.10327640867484081,29.0,11.0,0.6136019281865086,0.1577425930112365,1.7230705341145636
172,172,lgbm,random,0.671,0.012441864811996644,0.6709337368618802,0.018139162300647667,0.6668016128901926,0.007616897348971157,0.6686506148431135,0.0072635449424793795,331.8,3.7629775444453557,163.2,14.82430436816514,382.0,0.04828592992343915,51.0,24.0,0.5874892014097743,0.7851754248958366,1.7588279676396745
173,173,lgbm,random,0.6816000000000001,0.018117394956229195,0.6798162135226505,0.015375927764921485,0.6804764328945561,0.028925712373722344,0.6799898687966196,0.020683027122481,338.6,14.263239463740346,159.4,8.212186067059124,329.0,0.03368262012587677,33.0,42.0,0.7408170535517205,0.6936470985889719,1.688260000440332
174,174,lgbm,random,0.6522,0.008657944328765352,0.6533476730517658,0.006816847157251657,0.6414923274587283,0.02703705777094425,0.6470785456092913,0.014072013655933621,319.2,13.287588193498472,169.4,8.357032966310472,168.0,0.1653795046248979,48.0,18.0,0.6420986559869397,0.38969516805746707,1.049653407310252
175,175,lgbm,random,0.6756,0.013260467563400604,0.6735126893851714,0.015935577103353697,0.6764563283314345,0.01583475205477005,0.6748264090628056,0.012150919389410559,336.6,7.683749084919418,163.4,11.586198686368192,376.0,0.09266590014027212,87.0,11.0,0.814130781626996,0.017371559812111248,2.4209961850438644
176,176,lgbm,random,0.6688000000000001,0.008975522268926759,0.6683422326201416,0.00742972843124085,0.6635806808723829,0.014670945586925537,0.6659299185919051,0.010983847918024411,330.2,7.413501197140255,163.8,2.1354156504062622,289.0,0.06189074068948038,44.0,10.0,0.8933325854419415,0.8810090116776624,2.227419193984578
177,177,lgbm,random,0.6634000000000001,0.010229369482035545,0.6651067662353061,0.008232610957661712,0.6515276397339862,0.022178504906322366,0.6581088786910494,0.01405569099890363,324.2,11.034491379306976,163.2,5.491812087098392,149.0,0.14806235587500516,56.0,27.0,0.6408232174407307,0.6272335242881981,1.5991802966503894
178,178,lgbm,random,0.6746000000000001,0.009393614852653873,0.6772623981844952,0.009804012980602623,0.6615556794582759,0.02602709591489061,0.6690022669379527,0.014114166812201862,329.2,13.196969349058895,157.0,9.818350166906862,282.0,0.052411990953639145,35.0,38.0,0.7378108640436893,0.5213366514187823,2.2215664529475876
179,179,lgbm,random,0.6722000000000001,0.009152048950918007,0.6721003998213889,0.014628395557048996,0.6676129063537853,0.011796981294227812,0.6696490035869872,0.006294130851123255,332.2,5.635601121442148,162.4,12.370933675353692,123.0,0.08693273715853742,30.0,44.0,0.6972384652934005,0.028300742738684215,0.8552527400316374
180,180,lgbm,random,0.6518,0.006523802572120042,0.6507484647935791,0.006977073380527464,0.6483188286344573,0.01578201844581049,0.6494144822191876,0.008438547622686466,322.6,7.709734106958552,173.2,6.823488843692792,341.0,0.17422540973342518,49.0,15.0,0.8056877338915471,0.7843884075452996,2.312175743162089
181,181,lgbm,random,0.6772,0.01719767426136451,0.675332018026163,0.01905624991313046,0.677242571897247,0.023794175448741958,0.6760773433687597,0.01810446991799548,337.0,11.949895397031725,162.2,12.796874618437114,353.0,0.053966590442608535,21.0,48.0,0.7528372049549055,0.1421199901561,0.5183909260740318
182,182,lgbm,random,0.6764,0.010836973747315227,0.6737407826490054,0.01030010971958767,0.6780562895444958,0.018923287624705368,0.6757896555430011,0.012699513110428797,337.4,9.393614852653903,163.4,6.8,290.0,0.03942952002312457,92.0,44.0,0.9887014929039428,0.2718843032212668,2.2486496956314337
183,183,lgbm,random,0.6638000000000001,0.019062004091910185,0.6635779482448751,0.017955004281547497,0.6579832408103239,0.033057447918588334,0.6604759963977183,0.022302768839294915,327.4,16.193825983997726,166.0,11.260550608207398,393.0,0.13563047814289741,25.0,33.0,0.7291734574938755,0.15146594921874967,1.6958486894079472
184,184,lgbm,random,0.6754,0.016267759526130188,0.676084844005701,0.016236402016296555,0.6676169466598789,0.021314611326871815,0.6717263061751406,0.0173311823518382,332.2,10.419213022104884,159.2,9.495261976375376,372.0,0.06721404743079595,43.0,34.0,0.6912598787603923,0.058890108248636164,1.6277521119310974
185,185,lgbm,random,0.6612,0.0024819347291981735,0.6641713502468248,0.007078080727511875,0.6462897869142565,0.019204572647155943,0.6548577231532602,0.007075075024593379,321.6,9.769339793455849,162.8,9.744742172063866,356.0,0.14617401225311394,21.0,16.0,0.609816620927432,0.6568132260112238,2.2799238038297265
186,186,lgbm,random,0.6698,0.009453041838477188,0.6702053169180066,0.006636121226564936,0.662781508327071,0.03694857970693036,0.6659024360667449,0.01787608475792524,329.8,18.4,162.4,11.235657524150511,273.0,0.03764098280163358,50.0,10.0,0.9297129139702724,0.6707593440597835,1.7773314775862452
187,187,lgbm,random,0.6626000000000001,0.011288932633336078,0.6641136075890551,0.014136660619781017,0.65234458962611,0.02123831920532591,0.6579186805404692,0.012583528139046165,324.6,10.36532681587995,164.4,11.842297074469968,207.0,0.1155424857324776,99.0,20.0,0.5234154563561593,0.5127709858214969,1.5303239943184574
188,188,lgbm,random,0.6692,0.012734205903785297,0.6720683576981594,0.01617221800849913,0.6555501684807641,0.01788675251178456,0.6635129632372776,0.01270118705721261,326.2,8.840814442120138,159.4,11.723480711802276,374.0,0.1206134625409059,22.0,10.0,0.904467122416429,0.32155545730676904,1.038479946568671
189,189,lgbm,random,0.6766000000000001,0.008428523002282168,0.6786502147902561,0.009221984443643895,0.6652056919832248,0.016738906247181516,0.6717381538848086,0.010061933513361957,331.0,8.07465169527454,156.8,7.166589146867567,163.0,0.06400920597228983,39.0,38.0,0.7492175395763907,0.5476191119614777,1.8985494973414982
190,190,lgbm,random,0.6564000000000001,0.007683749084919424,0.6558181865371265,0.0047029119034354425,0.6511147204512214,0.023382851917934894,0.6532782180059936,0.01317508523547558,324.0,11.781341180018513,170.0,5.403702434442518,178.0,0.13960260252712686,57.0,34.0,0.8452692766106198,0.7426215026307573,1.688091349924788
191,191,lgbm,random,0.6574,0.012289833196589784,0.6554692127227184,0.012167633713264304,0.6567339781661858,0.023897644150460494,0.6559158472412935,0.015579566238871637,326.8,12.139192724394814,171.8,8.840814442120138,103.0,0.06832633894112093,89.0,11.0,0.6086104598966886,0.31387776466292616,2.137124733697909
192,192,lgbm,random,0.6766,0.009414881836751864,0.6753202492374192,0.009028156284627288,0.6744297107948898,0.02192680952818029,0.6746947991339309,0.012532683557089853,335.6,11.038115781237302,161.4,7.709734106958553,198.0,0.0461772232867126,74.0,18.0,0.718702671848187,0.6642680116682651,1.8022601630121982
193,193,lgbm,random,0.6616000000000001,0.014921125962875563,0.6600056123710191,0.011731931289109071,0.6595815859009477,0.03488510834282692,0.6594231306609966,0.021114466060890784,328.2,17.22091751330341,169.0,9.16515138991168,338.0,0.0726996003796947,45.0,18.0,0.8515770653438034,0.8395091781396117,1.788392210039253
194,194,lgbm,random,0.6662,0.0095372952140531,0.6654381672981583,0.009912191134337027,0.662368589044306,0.01961909727077946,0.6637382236357106,0.011453732213573414,329.6,9.951884243699782,165.8,8.423775875461075,325.0,0.09131245127156759,25.0,41.0,0.7596778554786234,0.4283412596246906,0.7015227338661758
195,195,lgbm,random,0.6716,0.014650597257449922,0.6706819102688761,0.017016906760836028,0.668814493386019,0.019540498998705153,0.6695775960953464,0.014963090596839403,332.8,9.662297863344929,163.6,11.723480711802276,391.0,0.04472572553026431,81.0,21.0,0.7138404571098071,0.8789506050758562,0.7681173143984859
196,196,lgbm,random,0.6682,0.012560254774486076,0.6671705018898193,0.015743940482479835,0.6660056725897554,0.01900781066948787,0.6663553267948471,0.01227139224475679,331.4,9.308061022576076,165.6,12.370933675353692,128.0,0.08878802528006066,59.0,25.0,0.5065610874711887,0.26209441877351025,1.3516045026633772
197,197,lgbm,random,0.6656000000000001,0.005351635264103866,0.6624939732504183,0.005992734713465666,0.668805604712613,0.01228542261788827,0.6655574003530063,0.006525790430396154,332.8,6.241794613730893,169.6,5.986651818838306,373.0,0.12915192624707095,56.0,24.0,0.8684272682992709,0.9021805877649903,1.8193316947967226
198,198,lgbm,random,0.6544,0.012877888025604209,0.6545036740076715,0.01232323180030538,0.6466881610950846,0.018613320587168424,0.6505356018416982,0.01504154630722557,321.8,9.537295214053092,169.8,5.2306787322488075,354.0,0.128073044745896,94.0,35.0,0.5976944791540973,0.7852680715474866,1.388864181889534
199,199,lgbm,random,0.6668000000000001,0.007440430095095316,0.664682175135631,0.006713318579010894,0.66680322901263,0.017703222058021037,0.6656291367935341,0.010225397372675034,331.8,8.772684879784522,167.4,5.642694391866353,388.0,0.12127629071463422,86.0,23.0,0.6517771984034864,0.41878694701822894,1.5047035011571324
