run_id,random_seed,model_type,config_type,acc_mean,acc_std,prec_mean,prec_std,rec_mean,rec_std,f1_mean,f1_std,tp_mean,tp_std,fp_mean,fp_std,param_n_estimators,param_learning_rate,param_max_depth,param_subsample,param_colsample_bytree,param_min_child_weight,param_reg_alpha,param_reg_lambda
0,0,xgb,default,0.646,0.014170391667134694,0.6493931232276334,0.017520559548811186,0.6282078010230056,0.017989129087169254,0.6384527565559481,0.01410874547675595,312.6,9.090654541890808,169.0,12.083045973594572,,,,,,,,
1,1,xgb,random,0.6354,0.011943198901466903,0.6405547015087139,0.014894152834459008,0.609725824828489,0.00692532573852815,0.6247218030101945,0.010169517652803406,303.4,3.4985711369071804,170.4,9.28654941299512,137.0,0.17957772164083027,3.0,0.5000571874086724,0.6511662863159199,1.0,0.0923385947687978,0.8725204227553418
2,2,xgb,random,0.6792,0.012480384609458129,0.6887305991212532,0.014474472754314818,0.6487212431213789,0.013225254004271263,0.6680585409007098,0.012082505544109062,322.8,6.3999999999999995,146.0,8.87693640846886,268.0,0.05776231172598103,3.0,0.7748312389393546,0.7176611963091384,9.0,0.3205364371116073,0.8088533461786602
3,3,xgb,random,0.6422000000000001,0.004069397989875164,0.6455745004003905,0.004136758020069002,0.6229925739174,0.0037005539131143737,0.6340801722050543,0.0037181384519218387,310.0,1.6733200530681511,170.2,2.4819347291981715,252.0,0.13622217339271572,3.0,0.560664290602608,0.7846556637173405,4.0,0.8962930889334381,0.7511706209276725
4,4,xgb,random,0.6588,0.007756287771866134,0.6630217457642921,0.009404262803528348,0.6394697502282772,0.01131831754543414,0.650962876687846,0.007967857584778632,318.2,5.635601121442148,161.8,6.9397406291589885,222.0,0.16509321832720067,8.0,0.9863421799824421,0.8574079968371824,3.0,0.5975562052137366,0.7829283472340471
5,5,xgb,random,0.6329999999999999,0.00933809402394301,0.6347475194243735,0.009055604089060561,0.6181522872172796,0.018938112336050052,0.6262245362740968,0.012444479873730383,307.6,9.666436778875656,177.0,6.572670690061994,306.0,0.16060984592660646,9.0,0.6818684485502947,0.989722499580723,5.0,0.6117438629026457,2.031815712960631
6,6,xgb,random,0.6444000000000001,0.02581162528784271,0.6459392439458685,0.03073392019755703,0.6350650085250459,0.026802922715096846,0.6400173961742874,0.023354952673723815,316.0,13.145341380123988,174.0,22.181073012818835,301.0,0.07979697079517659,5.0,0.5321273022953295,0.6850547012226904,2.0,0.5298173621928216,1.3376148571133086
7,7,xgb,random,0.6574,0.012354756169184411,0.6597546756019214,0.015303487571629897,0.6438858047885707,0.01407532576312315,0.651615027066805,0.011930046774157642,320.4,7.116178749862877,165.4,10.190191362285598,275.0,0.06410086197396977,9.0,0.7192046157204468,0.8617325889154706,8.0,0.5011204636599379,0.6441022667195231
8,8,xgb,random,0.6556000000000001,0.012273548794053016,0.6563982902860891,0.011552980054777114,0.6459099981414592,0.016862363076232026,0.6510792873205469,0.013758917155607278,321.4,8.212186067059124,168.2,5.2306787322488075,233.0,0.08662754609903955,6.0,0.6163641639886454,0.5056994021387149,6.0,0.7660629257734966,1.3038502264421383
9,9,xgb,random,0.661,0.007615773105863914,0.6634345792010098,0.010473297901195566,0.6475172319054892,0.01347905374185917,0.6552481323271057,0.007765460279883491,322.2,6.49307323229917,163.6,8.662563131083086,226.0,0.1048695546713918,3.0,0.5669147644796383,0.5710555427272692,7.0,0.8772212074585868,0.7750536389365965
10,10,xgb,random,0.6678,0.013687950905814917,0.6716200575166951,0.01714168164058276,0.6511211849409712,0.008079753010815332,0.66116105697364,0.011830880818361292,324.0,4.1952353926806065,158.6,10.650821564555478,365.0,0.07481417278284423,3.0,0.7215074738443041,0.9159556794856005,1.0,0.02517172841774562,1.918416019686024
11,11,xgb,random,0.6824,0.016243152403397524,0.6883646897175892,0.01570831284435647,0.6611928599710712,0.026684420940407298,0.6742895253745941,0.018690567487741953,329.0,13.038404810405298,149.0,9.919677414109795,291.0,0.032921286223143685,4.0,0.5970578108911735,0.9631414801634982,8.0,0.4854270981677824,0.5255616291812173
12,12,xgb,random,0.6398,0.004308131845707607,0.6415611992105661,0.007520608472115559,0.6266183446057874,0.021426524884611747,0.6337059332130663,0.009033771769310257,311.8,10.514751542475931,174.4,10.669582934679312,255.0,0.14100745447731072,4.0,0.5432171394442744,0.8618009016460737,1.0,0.918747008099885,2.3014297082340245
13,13,xgb,random,0.6678000000000001,0.015393505123915066,0.6684168803554349,0.014630188486407856,0.6595476473297617,0.028493434482083278,0.6637225013888074,0.01928602317243688,328.2,14.386104406683554,162.8,9.389355675444401,276.0,0.06563118300523685,9.0,0.9464913456356123,0.5895767397157889,4.0,0.7516615138131563,1.7146866884161012
14,14,xgb,random,0.6454,0.01167218916913191,0.646231741410688,0.011240094904819187,0.635050463423109,0.022360757648399385,0.640431493485913,0.014789538134538417,316.0,11.099549540409287,173.0,7.797435475847171,207.0,0.16828401577453878,9.0,0.9352138428624064,0.504023474264909,1.0,0.22199405367014335,1.1388510960084859
15,15,xgb,random,0.681,0.0067230945255886175,0.6876348543274082,0.00974959631274015,0.6583565650933715,0.01940872372161565,0.6724365578042777,0.009261490254896212,327.6,9.728309205612248,149.0,9.654014708917737,345.0,0.05683438873814977,3.0,0.6807692230441115,0.637700464303206,6.0,0.02495303232907431,2.144596193797504
16,16,xgb,random,0.6508,0.015663971399361033,0.6524915041825692,0.011515675145647428,0.6370593036128417,0.03167624105743017,0.6444897578243609,0.021433271048502487,317.0,15.735310610216755,168.6,3.9293765408777,269.0,0.0789984238779135,8.0,0.7753507282905905,0.5228009750664031,5.0,0.22308094169128878,1.877452323642713
17,17,xgb,random,0.6458,0.009152048950918049,0.6462941547118218,0.011250146484472468,0.6370504149394358,0.007824504139448825,0.6415892892425694,0.007837987739851735,317.0,4.1952353926806065,173.6,8.089499366462675,211.0,0.057266665768534036,9.0,0.5957603934737474,0.5339501790956457,7.0,0.41022325051079334,0.7059877162802353
18,18,xgb,random,0.6848,0.014551975810864969,0.6881297925172748,0.014750799220920882,0.6704306158234548,0.01685087602258777,0.6791322312485318,0.01514147062059043,333.6,8.138795979750322,151.2,7.467261881037787,398.0,0.04140161511166397,8.0,0.939300735460776,0.5909201126857673,3.0,0.2039724048237226,0.523013467581595
19,19,xgb,random,0.6497999999999999,0.009474175425861618,0.6520630256890645,0.009232006908534466,0.6350472311782341,0.013085887931952533,0.6434176159891746,0.010663579884604186,316.0,6.54217089351845,168.6,4.586937976471886,193.0,0.09457023444911432,5.0,0.6234689865831635,0.5690658437381597,3.0,0.08299956500689287,1.8439541625609333
20,20,xgb,random,0.6599999999999999,0.014573949361789356,0.661152635522659,0.01441258947761064,0.6495002141362229,0.019985274405215865,0.6552205980522015,0.016475483017495598,323.2,10.225458424931373,165.6,7.059745037889116,371.0,0.17316184098817117,5.0,0.907918738653842,0.5179447928084266,8.0,0.95045165254683,1.8457313108222326
21,21,xgb,random,0.6662,0.02249799991110318,0.6715215655758442,0.025293234903377516,0.6454825337567573,0.0291045767872045,0.6579456443141376,0.023487261301920945,321.2,14.661514246489002,157.4,16.00749824301099,307.0,0.07336644896847253,3.0,0.5180738382846721,0.9757994905334814,3.0,0.0507732566953768,1.1045437879292337
22,22,xgb,random,0.6666000000000001,0.008957678270623484,0.6669102174137432,0.00874171340629763,0.6595710811051045,0.024434879324148943,0.6629693087768981,0.01307698548040367,328.2,12.08966500776593,164.0,8.67179335547152,232.0,0.10225215926450489,7.0,0.8187395776032731,0.8900170891402719,9.0,0.3388639606037004,1.0410656665956624
23,23,xgb,random,0.668,0.005966573556070525,0.6759881834088621,0.010013499440320527,0.6398737808376362,0.011934645007925663,0.6572871243887308,0.005189137624235279,318.4,5.885575587824865,152.8,9.042123644365851,183.0,0.13036456877026253,4.0,0.8827298796984535,0.6411979219835564,8.0,0.18399514382436277,0.6996402351922164
24,24,xgb,random,0.6778000000000001,0.011070682002478394,0.6847094762872097,0.018129652276351035,0.6551501781774987,0.017003224394676504,0.6692643375098343,0.008939538064244116,326.0,8.366600265340756,150.6,14.66424222385869,292.0,0.03792819298788975,4.0,0.6100336498914258,0.680528176982029,5.0,0.7871809005473235,1.4481023895196166
25,25,xgb,random,0.632,0.01209958676980335,0.6370864829016112,0.009228249110134187,0.6045065574167899,0.025724290606485758,0.6202232325014608,0.017413777671633268,300.8,12.749901960407382,171.2,3.7629775444453553,232.0,0.13440989611552312,8.0,0.5494121133756311,0.5904122755344962,3.0,0.11737554713471554,1.86993748874827
26,26,xgb,random,0.6648,0.012749901960407393,0.664900302978158,0.01369014218453414,0.6583727263177458,0.018265477239629794,0.6615002997963386,0.013570951948716353,327.6,8.867919710958144,165.2,9.282241108697836,362.0,0.0742374740931738,9.0,0.8946103680854298,0.9352810312379117,5.0,0.22611233047772372,2.0015694572954197
27,27,xgb,random,0.6816000000000001,0.005238320341483495,0.6910480842341652,0.006670290478842324,0.6515155188157055,0.014133199774837499,0.6705951578174637,0.0076515988073168765,324.2,7.30479294709987,145.0,6.0,119.0,0.10212022596737415,3.0,0.7339788372367739,0.6922940030074893,2.0,0.8409693307667548,2.2570994676607126
28,28,xgb,random,0.6572000000000001,0.012106196760337256,0.6609812087714261,0.013574139097120394,0.6390818808432928,0.01578246904202611,0.6497512004099171,0.012444959538178917,318.0,7.563068160475615,163.2,8.749857141690942,357.0,0.05562346409399763,9.0,0.5624835460046205,0.6987961843500585,1.0,0.5109929816531131,0.86538671683165
29,29,xgb,random,0.6756,0.0034985711369071833,0.6831095871841457,0.006980115517092725,0.6499018205619258,0.020898248617576557,0.6658123532362239,0.008851011458216854,323.4,10.669582934679312,150.2,9.195651146058118,336.0,0.08197486177823288,3.0,0.8816186021651424,0.7263595287997057,6.0,0.33095996623214907,2.2092189021245403
30,30,xgb,random,0.6468,0.011906300852909784,0.6456670761200548,0.01393525732796495,0.6438874209110083,0.020231978379549972,0.6445775817346104,0.012961090300761978,320.4,10.131140113531151,176.0,10.825894882179487,393.0,0.16754669731193983,8.0,0.8315239526678343,0.5818253630513767,6.0,0.7064143966634708,1.7001416383944599
31,31,xgb,random,0.6724,0.006468384651518498,0.6711027413453647,0.006576679777041973,0.6700096159285027,0.01056328631653247,0.6705245065957347,0.007565484588391632,333.4,5.4626001134990645,163.4,4.176122603564219,310.0,0.034348740307359654,9.0,0.885156466109439,0.9934350015462314,7.0,0.22028364917914411,2.3361432115530745
32,32,xgb,random,0.674,0.008366600265340762,0.6731943766832199,0.010304006733212745,0.6708346464328138,0.01886700081794394,0.6718116109157226,0.010010681060380729,333.8,9.130169768410662,162.2,9.641576634555161,315.0,0.03894847665657604,9.0,0.7775643889992984,0.9778282744958838,8.0,0.8162051391124808,0.7021731206172495
33,33,xgb,random,0.651,0.01150651989091403,0.6533425425032153,0.010020323420439658,0.6358334747440466,0.023746016261545683,0.6443305650369365,0.015945709663896655,316.4,12.059850745345068,167.8,5.564171097297422,120.0,0.13345238646489616,5.0,0.7054704014982704,0.63014984544345,7.0,0.7509236424046749,1.7259127500602813
34,34,xgb,random,0.6474,0.019622436138257673,0.6493180272156474,0.018430427940948204,0.6330497038455634,0.029377850107767514,0.6409478833436479,0.022971897622036764,315.0,14.505171491574997,170.0,8.579044235810887,222.0,0.14701506907870124,9.0,0.7090076306197519,0.723881427250396,3.0,0.2530864507581302,0.8799306125873398
35,35,xgb,random,0.654,0.015401298646542778,0.654480161766226,0.013554732471155488,0.644672856415602,0.028323071308324014,0.6493880808449212,0.020300225122182436,320.8,14.330387294138285,169.2,6.046486583132389,301.0,0.09746926044115752,4.0,0.623053428819122,0.5140628174589381,9.0,0.11134663609249817,1.752874457908505
36,36,xgb,random,0.6904000000000001,0.00796492310069591,0.7031299542471572,0.011282459871960556,0.6543421169587809,0.010657272041994813,0.6777671016454506,0.007500862916156564,325.6,5.276362383309167,137.6,7.787168933572715,233.0,0.043145850153581286,3.0,0.9760903337030069,0.5715867238605152,6.0,0.36321459652102894,0.8731136245786317
37,37,xgb,random,0.662,0.008921883209278192,0.663467562412549,0.012339400957292837,0.6515260236115488,0.005554656312008835,0.6573774244129966,0.00682743098865242,324.2,2.85657137141714,164.6,8.912911982062878,351.0,0.05891925434357364,9.0,0.6548361317071475,0.9290893624880314,6.0,0.10343755501999807,1.990951532568867
38,38,xgb,random,0.6542000000000001,0.007249827584156749,0.6613541436789883,0.008674665223336993,0.625395747981867,0.011885461878468975,0.6428070388528555,0.008283046120441269,311.2,6.079473661428265,159.4,6.216108107168021,153.0,0.16697481633447067,7.0,0.8514124468053648,0.8168170485857034,1.0,0.20012684285990445,1.2747757753334024
39,39,xgb,random,0.6378,0.011249888888340196,0.6386762655196033,0.008154679714051434,0.6262272429759279,0.027352648096262654,0.6321698171233597,0.016799823545121703,311.6,13.365627557282897,176.2,6.209669878504009,205.0,0.14968485319239078,7.0,0.6834448058979581,0.9143260851576999,5.0,0.5255145833645837,1.4278168116201368
40,40,xgb,random,0.6898000000000001,0.0077045441137032445,0.7000671244551001,0.015923567191942448,0.6607783245658692,0.023044254303118347,0.679359538125464,0.008319083310098308,328.8,11.373653766490346,141.4,15.252540771950095,319.0,0.03830490601677901,3.0,0.8525151509318694,0.5725230814902134,8.0,0.3039123053407655,1.5527990485942909
41,41,xgb,random,0.671,0.013221195104830696,0.6799861310038167,0.012432050424211846,0.6398616599193555,0.021775751596437572,0.6592094294653263,0.016189546654213953,318.4,10.983624174196784,149.8,6.4,180.0,0.053303901452723304,4.0,0.5582118515832657,0.8019328444744065,9.0,0.6685157172603458,2.3348956977417936
42,42,xgb,random,0.6464,0.01063202708800162,0.6483196873301739,0.014406124471926988,0.633437573230548,0.006204913470881569,0.640703760814753,0.007937017717335402,315.2,3.249615361854384,171.2,10.552724766618335,202.0,0.1494814480290349,9.0,0.8659969709057025,0.7993292420985183,7.0,0.44583275285359114,0.6999498316360058
43,43,xgb,random,0.6674,0.012338557452149715,0.6707655888866382,0.008313183339322421,0.6511373461653456,0.033329002193677,0.6604301093471757,0.018704964313427816,324.0,16.45600194457937,159.0,7.974960814950754,355.0,0.045437213853066,5.0,0.6202948099826744,0.6635695279055699,3.0,0.6660902130980257,1.5823244245668076
44,44,xgb,random,0.6664000000000001,0.009971960689854335,0.6687883014029203,0.01287173302429008,0.653539712168594,0.006643886023360761,0.6610181741660132,0.008070261985488306,325.2,3.1874754901018454,161.2,8.975522268926749,376.0,0.09488125596731464,8.0,0.8723202408397589,0.6802504181281428,4.0,0.29637592739789465,1.0139351396825842
45,45,xgb,random,0.6632,0.006852736679604732,0.6689861169822855,0.0065468007676653195,0.639868932470324,0.02237870415790832,0.6538769673571462,0.01192562817101856,318.4,11.18212859879549,157.6,7.337574531137657,231.0,0.13072195002598386,8.0,0.978626215623578,0.9573202821344433,9.0,0.04852200090644587,0.8266488964165335
46,46,xgb,random,0.6538,0.009064215354899737,0.6615918775393179,0.01105498950683955,0.623806291564649,0.029075386587265883,0.6416828594100005,0.014857236404203108,310.4,14.347125147568763,159.0,12.13260071048248,289.0,0.06870702382344793,7.0,0.6245215457578744,0.8790379323249089,1.0,0.04286544835226391,1.381734406859609
47,47,xgb,random,0.663,0.010862780491200225,0.6673494554016439,0.014343450008076044,0.6442922595815859,0.012384347503467605,0.6554956001358346,0.009995993039665056,320.6,6.1838499334961226,160.0,10.334408546211051,235.0,0.15776362557837711,3.0,0.8643673167505531,0.6757339029463507,1.0,0.7996046016600539,1.791123709016585
48,48,xgb,random,0.6474,0.013965672200076884,0.6536836165606663,0.01367170638031229,0.6197894192464022,0.02388137823492797,0.6361154636947026,0.016797388912647954,308.4,11.689311356961966,163.4,8.452218643646175,100.0,0.09397256466549626,7.0,0.6424305837369592,0.649488188729479,7.0,0.9633315304254785,1.2926608154879566
49,49,xgb,random,0.6526000000000001,0.008569714114251429,0.6539632509229275,0.01052508622686051,0.6418931258232125,0.024557884948858338,0.647552282852681,0.012190012841460773,319.4,12.059850745345068,169.2,11.443775600735973,273.0,0.06705927479427215,9.0,0.5971078570619353,0.8813148613396167,6.0,0.5668846594996723,1.5939317604860634
50,50,xgb,random,0.6679999999999999,0.016087262041752152,0.6709935942364598,0.021789692068765236,0.6551461378714051,0.008793352330249894,0.6627464257680717,0.01120958672923404,326.0,4.33589667773576,160.4,16.85941873256608,276.0,0.049376187653932466,8.0,0.6277369618786057,0.6981649548613884,6.0,0.15220072117875683,2.4094122560053646
51,51,xgb,random,0.6839999999999999,0.011882760622010331,0.6946353025590117,0.012259057170522003,0.6511171446348776,0.014833565859908518,0.6721562141546852,0.013366351102526097,324.0,7.563068160475615,142.4,5.314132102234569,157.0,0.03670682733044191,4.0,0.9713613638431569,0.7738909582950659,5.0,0.9493378066500051,0.8153403375475279
52,52,xgb,random,0.6812,0.010107423014794578,0.6824138609673852,0.00871224816572276,0.6720087593836108,0.019785539644336485,0.6770684919189377,0.013015660738605958,334.4,10.131140113531151,155.6,5.388877434122992,256.0,0.0339176972354801,9.0,0.8092108846748052,0.5491422326684496,4.0,0.03246557697973673,0.6432179141212648
53,53,xgb,random,0.6406000000000001,0.013602940858505573,0.6433684494273287,0.017461525616853883,0.6246014238038673,0.010612170369111013,0.6337082892526736,0.010727274405049012,310.8,5.192301994298868,172.6,12.815615474880635,125.0,0.1318132484270247,8.0,0.7274377012028764,0.6760874568459809,1.0,0.45291324576330383,1.4773259798369138
54,54,xgb,random,0.6792,0.010628264204469114,0.6831160270917703,0.012834027995298088,0.663190387303742,0.01395790333610149,0.6729065975175452,0.010627979805281724,330.0,6.782329983125268,153.2,8.704022058795578,211.0,0.059089998859807286,4.0,0.7591413640837381,0.5043027260043846,7.0,0.8013812560164609,2.014623977217309
55,55,xgb,random,0.628,0.009099450532861868,0.6275308335714982,0.011176150722286947,0.6217901788239477,0.01006108498866166,0.6245574426843484,0.00754787409939695,309.4,4.841487374764082,183.8,9.325234581499815,254.0,0.17574838799846812,8.0,0.6239774832223456,0.9917461854633831,6.0,0.2855442354647988,2.225260754103279
56,56,xgb,random,0.6626,0.010762899237658977,0.6656867252528069,0.015081497597524609,0.6479164141475359,0.01280903546903649,0.6565068115676242,0.008796776521684301,322.4,6.216108107168021,162.2,11.906300852909773,292.0,0.13105524370037064,5.0,0.7997527880759778,0.5908752672872168,7.0,0.24784955351126103,1.4172226502924277
57,57,xgb,random,0.6660000000000001,0.011260550608207407,0.6711065000426771,0.012985956860034094,0.6450849676371482,0.018445374970335767,0.6577036567542554,0.01294081968808515,321.0,9.38083151964686,157.4,8.8,314.0,0.0645715649327592,3.0,0.6553913492800435,0.7829779453807528,8.0,0.9371334299974101,1.473518117042707
58,58,xgb,random,0.6454000000000001,0.013215142829345444,0.6471402496339789,0.01385580129578711,0.6322367942595332,0.013811727989318696,0.639563323789151,0.01295242991144321,314.6,6.829348431585549,171.6,8.260750571225353,391.0,0.15501320405066674,4.0,0.7480301743838947,0.5378110332975685,2.0,0.2896340057739586,1.1176089175768495
59,59,xgb,random,0.6592,0.01085172797300044,0.6639232585827989,0.0183436256222665,0.640284275936745,0.014101547243131946,0.6515668410414547,0.006972128939577745,318.6,6.770524351924302,161.8,14.971973817770321,277.0,0.15069251815736728,6.0,0.9895808923399334,0.6989276467769358,4.0,0.9411898423454207,0.8996632034179628
60,60,xgb,random,0.6428,0.009431860898041286,0.6457218441672861,0.01033916488823103,0.6258046269585383,0.02407943774683468,0.6353150871687007,0.01324701070919021,311.4,11.976643937263894,171.0,10.620734437881403,305.0,0.1461976957920333,5.0,0.6615913384841097,0.8328747851441545,2.0,0.74842802731882,1.5607951638015345
61,61,xgb,random,0.6616000000000002,0.008114185110040325,0.6670147715051092,0.003683376866961296,0.6386649212544343,0.024002616436042516,0.6523443912785459,0.013729953491171967,317.8,11.956588142108098,158.6,4.6303347611160905,199.0,0.15936471124889298,3.0,0.9386633841035263,0.7497756536733196,2.0,0.0035455468097308485,2.34728869327677
62,62,xgb,random,0.6684,0.013778243719719845,0.6749237642584649,0.014671242396164406,0.6438979257068516,0.022868123009986675,0.6588571634599651,0.0160790907107322,320.4,11.288932633336067,154.4,9.436100889668358,118.0,0.11134514148061071,4.0,0.9230425486404414,0.7057009999048872,2.0,0.8864141351799908,1.065650903326277
63,63,xgb,random,0.6444000000000001,0.008236504112789608,0.6436962054029032,0.0066392963756087475,0.6390705679862306,0.019319027234472555,0.6412600686874897,0.011793012682174529,318.0,9.57078889120432,176.0,5.366563145999495,144.0,0.10290383956907082,5.0,0.5358353015991768,0.9109119480588979,3.0,0.7855495680577067,1.988675647126036
64,64,xgb,random,0.6634,0.007227724399837067,0.6720781675255401,0.0167553179299617,0.6342375538370787,0.023264260237224336,0.6520563390992609,0.0079046055725931,315.6,11.672189169131897,154.6,16.05739704933524,219.0,0.11277179628118034,4.0,0.7249294494277263,0.7285099126973593,9.0,0.3133373611975704,1.089718922003161
65,65,xgb,random,0.6700000000000002,0.009959919678390952,0.6717673646320336,0.011040111486272574,0.65918321172012,0.020752462402602864,0.6652053052769498,0.011921437824641605,328.0,10.019980039900279,160.4,9.666436778875658,217.0,0.034710407925387085,8.0,0.6879524371498996,0.7099811967588081,7.0,0.16295022250708835,1.8986275064555331
66,66,xgb,random,0.6682,0.013991425945914173,0.672404917867561,0.010264803177243353,0.6491228495470818,0.02790189267751936,0.6604063638517597,0.018880013555703817,323.0,13.798550648528272,157.2,3.370459909270543,120.0,0.059310349896959456,6.0,0.6813427330884438,0.8395544377228157,6.0,0.904821464800912,2.3432659917833862
67,67,xgb,random,0.6422000000000001,0.014770240350109418,0.644361845226521,0.011319301250877207,0.6262248187922717,0.030743159743047255,0.6349463485727651,0.020650763729820977,311.6,15.107613974417005,171.8,5.564171097297422,302.0,0.17270294161799465,4.0,0.665795910506717,0.529998964780309,4.0,0.7561352918483811,2.337622370165859
68,68,xgb,random,0.6716,0.00717216843081645,0.6729836702283475,0.006968293962335203,0.6615888099682431,0.01471710772514173,0.6671508173494741,0.008772748223359573,329.2,7.025667228100119,160.0,5.621387729022079,302.0,0.05209432919976728,7.0,0.8053883912485752,0.6481939791478635,7.0,0.32266640733806584,1.1182425722494775
69,69,xgb,random,0.6654,0.014623269128344742,0.6715985965282141,0.019458971264796954,0.6426971467358367,0.01868486433310304,0.6565394222191806,0.013115880000454078,319.8,9.086253353280439,156.8,14.538225476308998,154.0,0.09023680732667563,6.0,0.6751262626117057,0.8947046282154463,7.0,0.14305329511753428,1.0626445875313442
70,70,xgb,random,0.6294,0.015435025105259804,0.632030465865212,0.017051389097290065,0.611725776344816,0.01762847627310854,0.6215871524812026,0.015054710504334453,304.4,8.957678270623475,177.4,11.723480711802276,314.0,0.16086394416138233,7.0,0.562761909906455,0.5852866668881198,6.0,0.14800810092978367,2.2190682044864136
71,71,xgb,random,0.6688000000000001,0.008447484832777158,0.6732476845544241,0.005509695103594997,0.6495204156666908,0.018044874111942676,0.6610987270643095,0.011749356147486066,323.2,8.930845424706442,156.8,2.227105745132009,207.0,0.14386799520246607,3.0,0.8564588174175376,0.5847643871477171,1.0,0.7883107006384493,1.9452085687596747
72,72,xgb,random,0.6374000000000001,0.012338557452149755,0.6380521807658834,0.013581732588950915,0.6277932656178032,0.023465374253974457,0.6326147206786902,0.014478921574173662,312.4,11.943198901466893,177.4,12.009995836801943,375.0,0.13265139499180312,8.0,0.5355825065418596,0.8241709709637413,8.0,0.6426342183058991,2.389809447129578
73,73,xgb,random,0.6558,0.009537295214053101,0.6616561545211368,0.011617124380162212,0.631440853959096,0.012644007776047362,0.6460943171431622,0.009165795941770387,314.2,6.046486583132389,160.8,8.588364221433554,246.0,0.11079313964534203,3.0,0.5866905920589611,0.7593431863672621,8.0,0.0859074536262453,2.232350670875527
74,74,xgb,random,0.6372,0.013919770113044265,0.6376809263837684,0.014896520986780801,0.6278191235768021,0.016887870127924653,0.6326188727525572,0.0141206806204168,312.4,8.309031231136395,177.6,9.850888284819803,237.0,0.16973444274872976,7.0,0.6635426005407173,0.6244302380424167,4.0,0.6613284133782242,1.9209825140591332
75,75,xgb,random,0.6534000000000001,0.008822698000045119,0.6578008229546259,0.009378746685432862,0.6326456732362045,0.01080682252823072,0.6449432918410802,0.008945434491364828,314.8,5.1146847410177685,163.8,5.741080037762929,348.0,0.136833756416251,4.0,0.9440553349501286,0.9648290885870345,3.0,0.533186156632571,1.4717725990392168
76,76,xgb,random,0.6614000000000001,0.015081114017207098,0.6664635425805476,0.018850366960724677,0.6406713372605108,0.010018209571990372,0.6532293332506598,0.012850807063974169,318.8,5.1146847410177685,159.8,12.155657119218196,261.0,0.10769894579684795,3.0,0.6673763122857626,0.5968567593367713,3.0,0.856685518937633,1.6370261887467987
77,77,xgb,random,0.6742000000000001,0.0061773780845922055,0.673419845699561,0.010561837781936376,0.6712200916341422,0.013353189756851354,0.6721411771491846,0.005173318263051469,334.0,6.6932802122726045,162.2,10.166612021711067,315.0,0.034854890676806416,7.0,0.8768561148645884,0.5696572840513675,1.0,0.34115110179783437,2.2779641647063333
78,78,xgb,random,0.6508,0.007934733769950957,0.6533288441235875,0.01173218593457625,0.6362520504553425,0.004548796446645722,0.6445866731745504,0.004130728438209327,316.6,2.4166091947189146,168.2,9.516301802696256,297.0,0.16309995384621956,3.0,0.8993480339519009,0.9000542958289413,5.0,0.7606209251584098,2.4873447840099763
79,79,xgb,random,0.6660000000000001,0.009959919678390996,0.6687851119214846,0.010256398027764409,0.6519478315677196,0.02694725479304883,0.6599201180333012,0.014343347355887881,324.4,13.184839779079606,160.8,10.244998779892558,289.0,0.10021011389221726,7.0,0.9069010844423553,0.7170950316648108,8.0,0.3213640316096379,2.0583479942148264
80,80,xgb,random,0.6472,0.01688075827680737,0.6488714120285163,0.01478925313024719,0.6338706940437808,0.034518296259255225,0.640938399982846,0.022566081966613603,315.4,16.918628786045282,170.6,9.748846085563152,275.0,0.13142344873332196,6.0,0.6349344855364751,0.8372409373444962,8.0,0.8825398436572417,1.9820235999174913
81,81,xgb,random,0.6648000000000001,0.007833262411026463,0.6688868304038136,0.010305334005693832,0.6466970497684905,0.013054739950185208,0.6575035512152382,0.008499207674639526,321.8,6.675327707311454,159.4,7.863841300534999,293.0,0.08112733150339524,6.0,0.8325977284976065,0.9500428432131734,2.0,0.2482102251210051,1.5182388888192124
82,82,xgb,random,0.6734000000000001,0.01011137972781164,0.677003742706938,0.012937080804441175,0.6579646554022933,0.018588840989909775,0.6671418219511976,0.010852661381113717,327.4,9.134549797335389,156.4,10.248902380255165,231.0,0.04320206370863776,6.0,0.8119496061676899,0.889021153657708,3.0,0.6556181010539374,2.416239723524961
83,83,xgb,random,0.6744000000000001,0.0037202150475476583,0.6826330927588671,0.006189849631223721,0.6463043320161935,0.01244524525073918,0.6638651379489093,0.0055901808361851785,321.6,6.151422599691879,149.6,6.343500610861482,182.0,0.11484862523204188,3.0,0.9534267514092118,0.6368665427989014,5.0,0.3867360667480175,1.9868183225995777
84,84,xgb,random,0.6526000000000001,0.012451505933018714,0.6538821025215101,0.009607679095814017,0.6414923274587283,0.03698533762046707,0.6470861771938823,0.020812022712145797,319.2,18.301912468373352,169.0,11.260550608207398,341.0,0.08553634741733987,8.0,0.657796307014227,0.685256376825683,2.0,0.2754019958793309,0.7196162679540223
85,85,xgb,random,0.6298,0.015144636014114053,0.6291006405903119,0.012106220659442831,0.6225667256551357,0.032343104072280034,0.6256064251642407,0.021648714843715132,309.8,16.302147097851865,182.4,4.841487374764082,260.0,0.10634296029681105,6.0,0.5242880458153736,0.8733298267182206,2.0,0.37324974209927675,1.2385571871464731
86,86,xgb,random,0.6254000000000001,0.008522910301065015,0.6268614640702002,0.006284806776502579,0.6105443908430502,0.022414959805364603,0.6184310870267534,0.013182574791084999,303.8,10.961751684835777,180.8,5.844655678480983,248.0,0.17896065653163168,7.0,0.576318871650123,0.8772964057627615,2.0,0.42164722079002415,2.2120477521770416
87,87,xgb,random,0.6422,0.009744742172063876,0.6477776610313309,0.009748031970838936,0.6157596179486557,0.01683537099004456,0.6312805934767229,0.012018455133714252,306.4,8.309031231136395,166.6,5.885575587824865,287.0,0.07100475866817983,9.0,0.5489160886576936,0.6203724578905905,1.0,0.5474529344525135,1.9383065958575159
88,88,xgb,random,0.6554,0.01585685971433185,0.6602294751191953,0.016360402745222772,0.6342779568980147,0.036400113743880226,0.6464364001931279,0.02149032464014173,315.6,17.816845961056067,162.6,13.661625086350453,388.0,0.10607245323196202,5.0,0.8262089375268116,0.8611118260770707,1.0,0.7142971018711349,1.9346767641828015
89,89,xgb,random,0.6632,0.011303096920755843,0.664445250665826,0.0103112534032745,0.6531534589060468,0.026219953640151852,0.6584779379580745,0.015346093185510782,325.0,12.821856339859686,164.2,9.130169768410662,386.0,0.06839057014675053,9.0,0.6433264355991843,0.8174003867960912,3.0,0.015990073460554255,0.8051904577678375
90,90,xgb,random,0.6654,0.020558210038814168,0.6695262005488533,0.020481046730855292,0.6467253319111456,0.02705673523802994,0.6578240325686622,0.022622669769476595,321.8,13.212115651930995,158.8,9.987992791347018,257.0,0.053652849151411094,6.0,0.6549256663937038,0.7049210711795026,3.0,0.2677095144131617,1.1681023149767582
91,91,xgb,random,0.6237999999999999,0.010400000000000008,0.6248924061467772,0.011055202359419172,0.6105330779859882,0.012209435365344646,0.6175927053665535,0.010638871802530854,303.8,6.013318551349163,182.4,6.681317235396026,278.0,0.17861761331076226,5.0,0.648249844350536,0.546666834240384,5.0,0.4583770910294558,1.577739784901779
92,92,xgb,random,0.6418,0.01814827815524108,0.6423120825602152,0.02188935836067976,0.6346496650586249,0.022484447903033944,0.638096369924395,0.01625579699817122,315.8,11.142710621747296,176.4,17.48828179095934,222.0,0.16710351190184977,5.0,0.7123640657375538,0.7394348234235947,8.0,0.2581038426855332,2.365515194635824
93,93,xgb,random,0.653,0.014113823011501892,0.6539736000928547,0.01378569550237899,0.6426769452053688,0.02236856400945096,0.6481559426112917,0.016499726404300023,319.8,11.249888888340188,169.2,8.034923770640265,252.0,0.07608615140153549,8.0,0.5525139031407196,0.5671243952946167,5.0,0.9993765288232714,2.0019678538643824
94,94,xgb,random,0.6426000000000001,0.019095549219648036,0.6447552228646332,0.021949086553475775,0.6294360540754568,0.02294127190289758,0.636703021990696,0.017884858390983024,313.2,11.214276615100948,173.0,16.431676725154983,287.0,0.1477736639312146,8.0,0.8449308072893819,0.7117164894502674,9.0,0.39247196998969147,1.5238142962625791
95,95,xgb,random,0.6491999999999999,0.008863407922464143,0.649707108761999,0.010866746774442337,0.6406778017502607,0.010340465694737667,0.6450865309471525,0.00801710275569364,318.8,5.075431016179808,172.0,8.294576541331088,397.0,0.058603202793627435,9.0,0.6150425401289981,0.6531876829750216,3.0,0.8694621000041144,1.9484753527986953
96,96,xgb,random,0.663,0.0037416573867739447,0.6646082382271623,0.002790808781205032,0.6515292558564237,0.006933214983265743,0.6579933505096951,0.004650510226753281,324.2,3.3704599092705427,163.6,1.4966629547095764,184.0,0.101283994886468,7.0,0.9086176865817284,0.9519402373675536,7.0,0.5862663471555426,1.4496881379544855
97,97,xgb,random,0.6492,0.011408768557561339,0.6506173346040897,0.01637212022468407,0.639055214823075,0.01744007230354137,0.6444766659128628,0.009710459718298538,318.0,8.899438184514796,171.2,14.524462124292244,190.0,0.15326010834824572,6.0,0.7235768926307558,0.6422905045143158,6.0,0.2385812424044581,0.7375072684337953
98,98,xgb,random,0.6396000000000001,0.012109500402576493,0.6426067930176693,0.014750925571776855,0.622195825555744,0.020442079252136487,0.6320052042333677,0.013229086029141735,309.6,10.031948963187562,172.4,11.842297074469968,142.0,0.1150783523176327,6.0,0.5709159328810234,0.8866032008002485,7.0,0.11891018660926722,1.2771190455657404
99,99,xgb,random,0.6612,0.008182909018191522,0.6668230230616812,0.010479517508311336,0.6382681631960437,0.015250317700824948,0.6521002780376329,0.009381421164932837,317.6,7.49933330370107,158.8,8.328265125462805,229.0,0.1383809511602801,3.0,0.9127475870179482,0.515723193813149,6.0,0.19331310365809062,2.4546961232665554
100,100,xgb,random,0.6506000000000001,0.005535341001239224,0.656420542521412,0.008156290154495567,0.6254119092062416,0.012576053659339182,0.6404221675397308,0.006319880551194527,311.2,6.013318551349163,163.0,7.483314773547883,108.0,0.1306733450424329,3.0,0.5743024200376825,0.5783555400430005,6.0,0.6707490847267786,2.1517055102100953
101,101,xgb,random,0.635,0.012280065146407013,0.6347163245583298,0.013740130428823136,0.628604559081396,0.025573216740049653,0.631345553898794,0.015071503200598722,312.8,12.890306435457616,180.2,12.367699866992245,111.0,0.11560013803022097,8.0,0.5006651978391297,0.7670554400753113,9.0,0.3069662196722378,2.287226159366795
102,102,xgb,random,0.6620000000000001,0.013490737563232054,0.6631566160576444,0.016069652820241503,0.6531615395182339,0.02756911010174137,0.6577139055834873,0.015599574951640837,325.0,13.401492454200763,165.4,14.319217855735,356.0,0.08963361525087085,5.0,0.6496408705048509,0.8653701339545172,9.0,0.8090176696206909,0.8344970082978309
103,103,xgb,random,0.6506000000000001,0.009562426470305545,0.6533001444877818,0.011132173020730895,0.6350456150557966,0.010152759313138481,0.6439848116623355,0.008745423339754766,316.0,5.138093031466052,167.8,7.984985911070851,363.0,0.06886410240927554,6.0,0.5854718426387511,0.9138161238103206,6.0,0.4809718091737758,0.6774463031095974
104,104,xgb,random,0.6764,0.02571069816243812,0.6772672944560215,0.029624667154830493,0.6696112417476747,0.019741809007603833,0.6732993883763665,0.023404839956664807,333.2,9.86711710683521,159.2,17.83704011320264,169.0,0.04865121226195061,6.0,0.9037466810251883,0.6492372877700416,9.0,0.9990267438600756,0.6862460286235736
105,105,xgb,random,0.675,0.010488088481701498,0.6746925882608003,0.010241676128230424,0.6700201207243459,0.023350993581483088,0.6721457389359594,0.013786484641361776,333.4,11.568923891183655,160.8,8.084553172563094,292.0,0.07923980012555377,4.0,0.9296778725443235,0.5528434176595423,1.0,0.7344198008156535,1.1983537718181994
106,106,xgb,random,0.6481999999999999,0.011906300852909783,0.6511939633639392,0.013532511380761723,0.631426308857159,0.018973945293182883,0.6410111820978738,0.013425382190001058,314.2,9.516301802696255,168.4,9.520504188329523,395.0,0.10144038280423547,7.0,0.8051093858635581,0.926029908737652,6.0,0.9968964530112713,0.526100037358133
107,107,xgb,random,0.6454000000000001,0.013763720427268214,0.6477432282171642,0.016336472128482323,0.6306263282506283,0.008862206138364366,0.6390371073798471,0.01211565335291997,313.8,4.445222154178573,170.8,9.947864092356712,162.0,0.17865872311008818,9.0,0.7817009243238886,0.6126322071843793,7.0,0.38534581029781123,0.5345593742309691
108,108,xgb,random,0.6516,0.007088018058667747,0.6543431104288907,0.010514147201233807,0.6370528391230921,0.032681039420294135,0.644969578068506,0.01452733194870331,317.0,16.30950643030009,167.8,14.496896219536099,199.0,0.1660827953007679,6.0,0.7900444701755276,0.5645571432898695,3.0,0.32222699883338013,1.0335838328778142
109,109,xgb,random,0.6596,0.01063202708800162,0.6627347585252957,0.00906455426906716,0.6430785516310715,0.021651132399881683,0.6526345105049746,0.014328023883836982,320.0,10.89954127475097,162.8,5.491812087098392,362.0,0.12530708434964685,8.0,0.8496417980729397,0.5972846241030003,5.0,0.08857352813998931,1.182780464963317
110,110,xgb,random,0.6528,0.012890306435457627,0.6548058409842603,0.015432998855177273,0.6406640647095424,0.02838987118926328,0.6472016392815001,0.01591476582962441,318.8,14.2464030548065,168.4,14.880860190190619,228.0,0.1519279911277317,8.0,0.9778001107751674,0.927166330365429,1.0,0.6824631292225899,2.4100199919752088
111,111,xgb,random,0.6494000000000001,0.011377170122662324,0.655769643784162,0.008651854767912208,0.6214006933165257,0.02201741836373148,0.6380253424339013,0.0153939629530476,309.2,10.703270528207723,162.2,3.059411708155671,312.0,0.09540885290567552,4.0,0.648857989517321,0.6889312198354414,8.0,0.022478324544161765,1.3404489845291154
112,112,xgb,random,0.6648,0.015038616957685984,0.667666424277867,0.013380203958713192,0.6494969818913481,0.029824324904865005,0.6582205897272024,0.019844527621544247,323.2,15.065191668213185,160.8,8.034923770640267,200.0,0.13613633130524821,5.0,0.9750082897025836,0.5378386023510308,8.0,0.6089615362342131,1.0053604402364154
113,113,xgb,random,0.6748000000000001,0.016412190591142888,0.6785203072290134,0.016379683766936697,0.6583638376443399,0.02099875931983336,0.6682269440030115,0.01782943684093304,327.6,10.403845442911962,155.2,8.328265125462805,265.0,0.04847894274507119,5.0,0.9474658813493118,0.7182467737893041,1.0,0.5758578744249331,2.1809418394591447
114,114,xgb,random,0.6814,0.01005186549850323,0.6869844806291892,0.012146914139437548,0.6611750826242597,0.007923737393145228,0.6737980786739493,0.008884284558869136,329.0,3.8987177379235853,150.0,7.615773105863909,174.0,0.048962816374836786,5.0,0.9629418815241304,0.7442065888253218,9.0,0.00941220195459147,1.258646564680408
115,115,xgb,random,0.6618,0.011285388783732718,0.6668954107702897,0.016984301310711273,0.6418632275581198,0.021169111195157984,0.653748445175608,0.01102038731965819,319.4,10.799999999999999,160.0,14.737706741552431,374.0,0.07373504262727618,5.0,0.7068458667341254,0.7884003743629017,6.0,0.49465065591439905,0.5324518914985386
116,116,xgb,random,0.6434,0.007657675887630665,0.6452381855102365,0.006763527312254295,0.6294142364225513,0.019829983062793582,0.6370887783903206,0.011598325739658862,313.2,9.987992791347018,172.2,6.046486583132389,149.0,0.10604634876825417,5.0,0.5012457534291186,0.8919562981287088,9.0,0.4779939510390452,1.2234473789323481
117,117,xgb,random,0.6709999999999999,0.014352700094407285,0.6728908203384478,0.019809292392295515,0.6611702342569472,0.011373393362747548,0.6667602521570688,0.010593520077133258,329.0,5.761944116355173,160.4,15.16047492659778,212.0,0.07489996661157097,6.0,0.9426517003801302,0.5932217947755613,1.0,0.6068702269002959,1.465429198141477
118,118,xgb,random,0.6486000000000001,0.007200000000000006,0.6503419665305017,0.005038493214299068,0.635456918216124,0.020663791285733223,0.642657118668984,0.011688220095550072,316.2,10.186265262597475,170.0,5.692099788303083,356.0,0.04711449799590322,8.0,0.5293123845371088,0.9544752105318116,9.0,0.9377480497194558,0.7616965582502819
119,119,xgb,random,0.6786000000000001,0.01272163511503138,0.6830416153636298,0.011403759752209013,0.6607750923209943,0.02654928222558086,0.6714877187079237,0.0164743017770992,328.8,13.16662447250623,152.6,8.039900496896713,126.0,0.0606071576410507,7.0,0.8154157441549342,0.5284625827028449,9.0,0.4199864819996859,2.4741230039719895
120,120,xgb,random,0.6651999999999999,0.008772684879784531,0.6658336845901663,0.012773720486622125,0.657948494177919,0.015113391801303373,0.6616546600876191,0.00744317231586006,327.4,7.7356318423254855,164.6,11.77454882362802,267.0,0.08483242628681525,9.0,0.7827625292433145,0.7951797599355124,2.0,0.9508648660726735,2.469151198156082
121,121,xgb,random,0.6252000000000001,0.008795453370918417,0.624785062482936,0.006422054432767684,0.6173587711004986,0.020339663494692618,0.6209535474239323,0.013182293819936039,307.2,10.186265262597475,184.4,3.3823069050575527,364.0,0.1786814106624154,4.0,0.5759722786105714,0.9150890691488169,3.0,0.5557905998327344,1.9910478844418193
122,122,xgb,random,0.6734,0.009971960689854337,0.6760152628652643,0.005189054012718149,0.6595743133499794,0.024927001512842717,0.6675292930851333,0.015000242490047331,328.2,12.302845199383759,157.2,3.249615361854384,372.0,0.06323581897623679,6.0,0.8057706055566998,0.7915403020405313,6.0,0.1887731000040771,1.9041959478553248
123,123,xgb,random,0.64,0.017239489551607975,0.6394809162014358,0.016436103910380282,0.6338302909828448,0.0294101136139932,0.6364100990817632,0.020746032892401088,315.4,14.772948250095508,177.8,10.721940122944167,198.0,0.11269721536243368,6.0,0.7455594667162986,0.8900138809560396,2.0,0.6848297385848633,1.4618638029687219
124,124,xgb,random,0.6492,0.005528109984434105,0.649539722991651,0.005733068618612659,0.6410697114413388,0.021438330384626725,0.6450592270188972,0.010240924625456598,319.0,10.788883167408942,172.2,8.328265125462806,256.0,0.14182072273284196,5.0,0.795162280865912,0.7802080042090487,6.0,0.6679624094080733,1.2909500215645557
125,125,xgb,random,0.6646,0.021095971179350796,0.6664086655837007,0.02827127853420498,0.6559517749064668,0.012053138488902507,0.6608248519029403,0.015893911223029054,326.4,5.919459434779497,164.2,20.37056700241797,257.0,0.03862960427521346,6.0,0.56627626360008,0.5655425748553515,1.0,0.6195123896958387,0.5266708072723254
126,126,xgb,random,0.6632,0.01092520022699814,0.6672633794069427,0.014806227078514846,0.645497886919913,0.003965078755130692,0.6561195973859445,0.007681039334818696,321.2,2.039607805437114,160.4,10.57544325312183,211.0,0.049221610805100055,6.0,0.5671520609985239,0.657206426366149,7.0,0.3830457201015457,1.6600903484051248
127,127,xgb,random,0.6734000000000001,0.012403225386970935,0.6771234194894828,0.01403192698981466,0.6571565941835754,0.014306860774776234,0.6669277419156695,0.01257502394814669,327.0,7.0710678118654755,156.0,8.342661445845684,301.0,0.03825204965468082,7.0,0.592982656100218,0.8863953239764543,5.0,0.0862768990883871,1.3827895141863313
128,128,xgb,random,0.6322,0.01942575609854094,0.6311918124523176,0.016537391867695733,0.6266328897077242,0.038974581698831855,0.6285188294970465,0.02598735634219352,311.8,19.197916553626335,182.0,10.158740079360236,310.0,0.16380285754406246,5.0,0.5657042390867435,0.5207967218738436,6.0,0.6454746004955415,2.0811987040444664
129,129,xgb,random,0.6546000000000001,0.007657675887630665,0.6527423272562725,0.006375766265672771,0.6535340557400628,0.017969214470909902,0.6530347960146474,0.010723749051848324,325.2,8.997777503361595,173.0,5.366563145999495,195.0,0.10187462665318671,9.0,0.8026476188127638,0.5424281888062252,7.0,0.2694224408938686,0.585052044650799
130,130,xgb,random,0.6712,0.007858753081755408,0.6762741473266214,0.007089334045680851,0.6507260430050181,0.01676340119536436,0.6631604225132354,0.01060307952213296,323.8,8.304215796810679,155.0,5.019960159204453,217.0,0.07673165416913849,5.0,0.9428392690636642,0.8811695445101059,7.0,0.47493860219754014,2.346231967192156
131,131,xgb,random,0.6468,0.007626270385975054,0.6482988412213139,0.008662541420671823,0.6346448166913126,0.013440564766883574,0.6413067770649736,0.008403445730893735,315.8,6.734983296193095,171.4,7.310266752998826,322.0,0.17221637487604047,4.0,0.7912592762756949,0.6607387650404575,1.0,0.6331399100979177,1.704874459716038
132,132,xgb,random,0.66,0.012116104984688778,0.6637383446998939,0.015541556091525719,0.6430809758147278,0.013465129906281318,0.653079465104611,0.010275244929625766,320.0,6.841052550594828,162.4,12.289833196589774,181.0,0.09638895328563186,9.0,0.8908413958536311,0.9007985591201013,3.0,0.3290568214813019,0.516128873172996
133,133,xgb,random,0.6562000000000001,0.011303096920755843,0.6570692378476007,0.006168308115238163,0.6459003014068345,0.030047777594720618,0.6511926145042454,0.017971179417338997,321.4,14.947909552843834,167.6,4.498888751680797,261.0,0.08441203876919393,4.0,0.5547780615569466,0.5711217574388965,6.0,0.955046070649496,1.8190168917561158
134,134,xgb,random,0.672,0.010237187113655791,0.6742341351820145,0.011483757363315953,0.6599524860003394,0.02069741691571362,0.6668129469399975,0.012526595435078544,328.4,10.537551897855591,158.8,9.703607576566563,138.0,0.09716463672707178,5.0,0.8591538886796639,0.5976059387068254,7.0,0.7116700774041035,1.8305433032809324
135,135,xgb,random,0.6624000000000001,0.00567802782663136,0.6642934452854935,0.006533652445401712,0.6503317091302838,0.013836255066230645,0.6571355880360643,0.007316158598520911,323.6,6.651315659326356,163.6,6.2801273872430325,259.0,0.047441552871124476,6.0,0.59769908780629,0.9314911566944506,8.0,0.05255594905798844,2.3605271396595358
136,136,xgb,random,0.6327999999999999,0.012253978945632323,0.6358365494245793,0.014490706193522818,0.6145556067327661,0.02281135515347775,0.6247113258783937,0.013939899238702484,305.8,11.285388783732706,175.4,13.154466921924278,323.0,0.1716123112456886,8.0,0.6067309421148201,0.5762094992339503,5.0,0.9582703214488213,0.845882898096
137,137,xgb,random,0.6607999999999999,0.013362634470792065,0.6626176434389561,0.012665087840186223,0.6487180108765039,0.029010098956065836,0.6552950177219209,0.018034872226769923,322.8,14.4,164.4,9.97196068985433,322.0,0.10592190327705148,6.0,0.847685483795739,0.8499951763546784,7.0,0.5027030219248629,2.283606338442899
138,138,xgb,random,0.6364,0.013690872872099876,0.635546154053559,0.013985458003621165,0.631428733040815,0.014729073730461225,0.6334577239666841,0.013837371631337409,314.2,7.386474125047755,180.2,7.6,350.0,0.1512865051313081,8.0,0.6620137638719381,0.976119219786671,9.0,0.07758451546789491,1.2691281802192131
139,139,xgb,random,0.661,0.014380542409798053,0.6636409764194808,0.014765254922769542,0.6463067561998497,0.01689845210053109,0.6548256280568612,0.015219558525576937,321.6,8.333066662399863,163.0,7.483314773547883,104.0,0.05803429970880393,7.0,0.9671116709499092,0.979480618658787,2.0,0.19195314620421766,0.9613370938849546
140,140,xgb,random,0.6477999999999999,0.007222188034107121,0.6491525753557814,0.010627197825260077,0.63666335361567,0.010167208839937972,0.6427292427079097,0.005617955948344575,316.8,4.833218389437828,171.4,9.28654941299512,204.0,0.057421068894191435,9.0,0.5004923882068524,0.6482816544189353,4.0,0.9155044058012787,0.9288827641677533
141,141,xgb,random,0.658,0.01294604186614582,0.6609369982191613,0.015296894250800856,0.6426866419399934,0.010680203361600771,0.6516294459253957,0.011667199194834358,319.8,5.268775948927796,164.2,9.703607576566563,218.0,0.08342561772733356,6.0,0.7455755264363668,0.9355098520003529,2.0,0.15443588642592365,0.600828162027363
142,142,xgb,random,0.6638,0.006079473661428271,0.667200799175024,0.005070483367424696,0.6471132012961303,0.011542698314882912,0.6569702101599174,0.007749500501517774,322.0,5.549774770204643,160.6,2.8,377.0,0.08648257273190565,7.0,0.8879095346945204,0.8236124001439071,3.0,0.3220361230629616,1.0394122217936597
143,143,xgb,random,0.6452,0.011651609330903617,0.6490918110913316,0.011786200867547352,0.6245812222733994,0.01766978758867176,0.6365370525361255,0.013816934004864735,310.8,9.086253353280437,168.0,6.2289646009589745,178.0,0.14602142342174954,4.0,0.7340450504366748,0.7119690078210117,3.0,0.5125118645514876,1.4092657865402691
144,144,xgb,random,0.6566,0.016668533228811722,0.6601566134221136,0.020529224787243738,0.6398713566539801,0.013243064570128612,0.649740935958632,0.014694816662097706,318.4,6.590902821313632,164.2,13.272528018429647,316.0,0.10151017457825774,6.0,0.9716021184291934,0.8137731496541742,2.0,0.45904381884196677,2.114752345743609
145,145,xgb,random,0.6744000000000001,0.0070597450378891225,0.6726399595036351,0.010351670909592874,0.674033760797718,0.0080375220157842,0.6732406136662401,0.004754787483747571,335.4,4.079215610874228,163.4,9.024411338142782,137.0,0.03030446993790147,9.0,0.8974357175840476,0.7099543312648593,9.0,0.7707390295296226,1.6962791587134505
146,146,xgb,random,0.6684000000000001,0.005238320341483522,0.6721586172059956,0.005534053672406657,0.6515349122849546,0.02006575649581331,0.661489060432475,0.009684419443576604,324.2,9.867117106835208,158.2,7.138627319029898,354.0,0.07497309103042094,4.0,0.7747285825530239,0.7746493402956453,8.0,0.362831816766112,0.512687695764233
147,147,xgb,random,0.6636,0.016883127672324204,0.6678570497011572,0.015678277119653913,0.644274482234774,0.03478440784430218,0.6554775857924977,0.02309123164145872,320.6,17.46539435569664,159.4,10.480458005259122,314.0,0.058835382647419,4.0,0.5154154325710245,0.8456281601353183,2.0,0.45742173035504685,0.5003943156341595
148,148,xgb,random,0.6574000000000001,0.01034601372510206,0.6628354567703385,0.01312668828290755,0.6346440086300938,0.007552878833790833,0.6483683738837932,0.008311163443575381,315.8,3.867815921162743,160.8,9.239047569960876,183.0,0.054657011188911336,9.0,0.5791363612187062,0.5312225629307301,3.0,0.9819110006571198,2.357905406158034
149,149,xgb,random,0.6482,0.010107423014794632,0.6543311400562908,0.012161307265764502,0.621786138517854,0.02193310496064643,0.6373962164579372,0.013051993078737913,309.4,10.89219904335208,163.6,10.49952379872535,128.0,0.17695554049768736,4.0,0.8676998050439066,0.9756139811493096,5.0,0.8609819860487256,1.4415047608559004
150,150,xgb,random,0.6516,0.010632027088001619,0.6550633758848377,0.009810867141727339,0.633443229659079,0.026099734034857578,0.6438103827868564,0.015648484448142996,315.2,12.967652061957862,166.0,8.438009243891594,328.0,0.16977221540134954,4.0,0.9388275721632928,0.8694827383349863,6.0,0.517208551210307,2.4042192597312204
151,151,xgb,random,0.6586000000000001,0.008260750571225361,0.6582478294990435,0.012643906408419893,0.6539429347167343,0.011060938249048887,0.6559288975999269,0.005855807783951021,325.4,5.388877434122992,169.2,11.08873302050329,318.0,0.05652325516482365,7.0,0.5989452704798948,0.6338973141256514,1.0,0.7699707726508938,2.401522442667821
152,152,xgb,random,0.6484,0.012846789482201392,0.6479113370753188,0.01273861330689522,0.6426931064297431,0.014819045815831836,0.645262770468091,0.013137804824350261,319.8,7.19444229944198,173.8,6.968500556073738,320.0,0.07527076044340861,8.0,0.5191645365060096,0.6626866522660745,2.0,0.5676458706895693,0.6446794022584075
153,153,xgb,random,0.6601999999999999,0.012106196760337256,0.6633622774673892,0.018638390951961754,0.6463002917101,0.018716375872920542,0.654312316890872,0.009233614920470038,321.6,9.350935782048767,163.8,16.96349020691202,195.0,0.13273302703632162,3.0,0.746834809262805,0.5277159474663627,7.0,0.8048666508545789,0.9200359209721576
154,154,xgb,random,0.659,0.006633249580710805,0.6610246313607809,0.0079466739957836,0.6462922110979128,0.015054139602795304,0.6534555573104099,0.008351034056717553,321.6,7.709734106958553,165.0,7.402702209328699,377.0,0.12458259110172397,7.0,0.9298138059135277,0.6451656664406809,4.0,0.637513091539349,1.0069900989165934
155,155,xgb,random,0.6534,0.008890444308357155,0.6531686035513665,0.0093225330391571,0.6474970303750214,0.025267413742284743,0.6500328960357387,0.013379157273874703,322.2,12.718490476467718,171.2,10.127191120937729,354.0,0.1129130219368032,8.0,0.8103125441480137,0.5533133378281505,7.0,0.2401064478125089,1.4611392026782861
156,156,xgb,random,0.6285999999999999,0.003929376540877703,0.6281727921889105,0.005669492780924763,0.6217812901505417,0.0071729426505819805,0.6249137887782357,0.0035389007073735653,309.4,3.7202150475476548,183.2,5.635601121442148,144.0,0.16517441886551715,8.0,0.6312176626899546,0.5937341472102975,5.0,0.5965327159933547,1.2140131268290018
157,157,xgb,random,0.636,0.010825894882179497,0.6366374429746597,0.009972082609514555,0.6254038285940543,0.02348069725918299,0.630794422316639,0.015023179558939111,311.2,11.668761716651858,177.6,7.472616676907761,268.0,0.09366085587280305,5.0,0.5367229516020656,0.9428662945200942,6.0,0.6404589862067358,0.997947999665588
158,158,xgb,random,0.6492,0.008908422980528043,0.6511070033024633,0.008024672062344503,0.6354423731141872,0.017966271916517115,0.6430956529653837,0.01197002474429314,316.2,9.086253353280437,169.4,4.758150901348127,306.0,0.05325101024336133,8.0,0.5560896268159774,0.7816700367040825,6.0,0.8210471786593786,1.8326844474076318
159,159,xgb,random,0.6612,0.009744742172063874,0.6626310467520374,0.0077722282979145185,0.6499349510718933,0.016610675798910585,0.6561769419024138,0.011889568195508387,323.4,7.96492310069595,164.6,3.0066592756745814,111.0,0.06271829433335971,7.0,0.5875103044251946,0.9064671631247345,7.0,0.6640473205014216,0.8268177930533673
160,160,xgb,random,0.6674,0.0124835892274618,0.6734505373953646,0.015722432403845077,0.6446898257011952,0.02367277390081965,0.6584546491490939,0.014359068913098598,320.8,11.855800268223145,155.8,12.319090875547595,254.0,0.07851518623551931,4.0,0.846974511841555,0.7466781234987354,1.0,0.6986362572313116,0.8548873400947286
161,161,xgb,random,0.6754,0.008912911982062849,0.6778111562075002,0.012109516764819864,0.6631831147527737,0.010066418018623131,0.6703322400328469,0.008027153688527128,330.0,5.019960159204453,157.0,8.555699854482976,178.0,0.05167442629248821,7.0,0.7511907372444331,0.5218570501619564,2.0,0.6161942526128577,2.3477152683269695
162,162,xgb,random,0.679,0.0053665631459995,0.6856207600734863,0.006891173786111833,0.6559291491923428,0.023731752449346374,0.6701504459066763,0.01103545614349958,326.4,12.076423311560422,149.8,8.975522268926749,161.0,0.04687972223540658,6.0,0.9544682312220966,0.8644302779751157,7.0,0.2750704087517225,1.924448675219294
163,163,xgb,random,0.6394,0.009769339793455858,0.6411052054590421,0.011911308719082104,0.6262143139964284,0.016218796470329453,0.6334120442693212,0.01023628202808361,311.6,7.914543574963751,174.6,10.131140113531153,242.0,0.10111344915950261,5.0,0.5069556768711082,0.9325081475459089,8.0,0.02715741591789167,2.054492409046593
164,164,xgb,random,0.6808000000000002,0.017162750362339933,0.6893276265465029,0.019310628216198035,0.6531389138041097,0.015399736658784427,0.6707015285824887,0.01647533540361327,325.0,7.58946638440411,146.6,10.818502669038818,220.0,0.05860889767114333,3.0,0.6391262521575627,0.9126700786285592,3.0,0.7117797684855637,0.6579684003458004
165,165,xgb,random,0.6818000000000001,0.010777754868245943,0.6937189850667298,0.014647669778563329,0.6463099884447245,0.017580750180492783,0.6689689227160034,0.011617478275992937,321.6,8.616263691415206,142.2,10.759182125050211,320.0,0.037147476721460446,4.0,0.9860934171947979,0.985024521573483,3.0,0.3347764028802155,1.965650976580702
166,166,xgb,random,0.6698,0.01455197581086498,0.673735758050215,0.01533518977895429,0.6523171155446736,0.018462438109753274,0.6627940383549228,0.015842749199941483,324.6,9.436100889668358,157.2,8.059776671843954,105.0,0.0557526507533458,9.0,0.8826931201009995,0.513313096623935,2.0,0.5959530838548679,1.6989667183131152
167,167,xgb,random,0.6728,0.0069108610172684045,0.6767818746883861,0.012663596963118393,0.6567412507171543,0.013340578172296736,0.6663805755029808,0.0042363484351793535,326.8,6.910861017268398,156.4,11.976643937263894,366.0,0.05476732482396274,3.0,0.6901239315924346,0.9805164149643157,6.0,0.9662715382933567,1.3110914800256608
168,168,xgb,random,0.662,0.01895257238477139,0.6655939014062426,0.01941362794651617,0.6450987046778665,0.03430414986615342,0.6547594227067295,0.023413003590871024,321.0,17.064583206161235,161.4,13.52922762023021,313.0,0.043888164819232585,8.0,0.623416355447536,0.6687481707892988,5.0,0.6514305494334738,1.9668045483877383
169,169,xgb,random,0.6648,0.0061773780845922055,0.6659814092041284,0.004239828486965073,0.654745339506921,0.018675469161231223,0.660187334958492,0.01028839743980485,325.8,9.26066952223218,163.4,4.841487374764082,391.0,0.04670127724212554,7.0,0.8339636903280526,0.5391987892075931,6.0,0.9025598536073296,1.2602629833117571
170,170,xgb,random,0.6742,0.017290459797240768,0.6748518805918609,0.01765315018312584,0.6663967742196147,0.01921175674156163,0.670552249854153,0.017667087716617853,331.6,9.604165762834375,159.8,9.57914401186244,139.0,0.06402926738771375,7.0,0.9047005493359197,0.6189965329950218,5.0,0.15591418550426928,1.5068091752693604
171,171,xgb,random,0.6504,0.007631513611335571,0.6538854396978121,0.011010543663169925,0.6330319264987516,0.02401905331569122,0.642925039623793,0.011323178782774817,315.0,12.049896265113654,167.0,12.116104984688768,122.0,0.10327640867484081,9.0,0.9098793148482309,0.6136019281865086,3.0,0.6115352670572818,1.80481377407891
172,172,xgb,random,0.6604000000000001,0.011482160075525868,0.6610100585969414,0.016612958836630345,0.6535340557400628,0.008211842610877578,0.6570519261990956,0.006305819381348516,325.2,4.214261501141095,167.2,14.161920773680384,382.0,0.04828592992343915,9.0,0.5874892014097743,0.8925877124479182,3.0,0.8797273212107523,1.1174484784968841
173,173,xgb,random,0.6744,0.015160474926597741,0.6783756422318434,0.01703190283193139,0.6579695037696055,0.019311766564316026,0.6678646054438039,0.015133392561662375,327.4,9.414881836751855,155.4,11.18212859879549,329.0,0.03368262012587677,8.0,0.7611242066384631,0.7913662556322183,4.0,0.9418185924949404,0.6439368438490995
174,174,xgb,random,0.6272,0.0150917195839308,0.6270024783769317,0.012100981252993822,0.6181886499721219,0.026821172256415702,0.6224593064396946,0.019139095774449846,307.6,13.093509842666327,182.8,3.6,168.0,0.1653795046248979,7.0,0.6031023274518449,0.7584206550929515,6.0,0.75832031578412,2.1088932605637343
175,175,xgb,random,0.6578,0.013644046320648444,0.6581059987682238,0.013953308972632163,0.650336557497596,0.02398912455335557,0.6539906561987578,0.01598970316215462,323.6,11.740528097151337,168.2,10.047885349664377,376.0,0.09266590014027212,6.0,0.7769116161320003,0.814130781626996,6.0,0.9604980925219321,1.4700427080334344
176,176,xgb,random,0.6881999999999999,0.0037629775444453168,0.6979240069325623,0.001543274631413741,0.6583533328484965,0.01421032174920104,0.6774770302975692,0.0074697283248509995,327.6,7.22772439983706,141.8,3.5440090293338695,289.0,0.06189074068948038,3.0,0.8323332622150523,0.9663832667507566,9.0,0.7601006582683313,2.2264633121588044
177,177,xgb,random,0.6376,0.010248902380255175,0.6384399284467829,0.008535024471177039,0.6262005769557101,0.022272537677588196,0.6321290930585224,0.01443939122469358,311.6,11.16422858956229,176.4,5.4258639865002145,149.0,0.14806235587500516,9.0,0.722284341408413,0.593349328845137,6.0,0.5890896814110392,1.6107895456193408
178,178,xgb,random,0.6684000000000001,0.007709734106958559,0.6708348120831389,0.004879367766814398,0.6551194718511875,0.02906244798289437,0.66253418428936,0.015194962728346485,326.0,14.737706741552431,160.0,8.318653737234168,282.0,0.052411990953639145,7.0,0.7378108640436893,0.7606683257093911,3.0,0.5578369465135752,2.399146018527191
179,179,xgb,random,0.664,0.012116104984688778,0.6670975009479514,0.018070237211733082,0.6499195979087375,0.005288034359237587,0.65822089301223,0.007404337553295061,323.4,2.65329983228432,161.8,13.847743498491008,123.0,0.08693273715853742,5.0,0.8926506243440394,0.6858870611649034,4.0,0.8240074862807772,1.6837675401234142
180,180,xgb,random,0.6416000000000001,0.007964923100695957,0.6434136441720554,0.006552848867414075,0.6274191332735368,0.017669043954967326,0.6352244535293107,0.011052087282008965,312.2,8.657944328765346,173.0,4.604345773288535,341.0,0.17422540973342518,8.0,0.8466110103256086,0.6203920535161659,2.0,0.9060878715810445,1.7867740748763092
181,181,xgb,random,0.6762,0.016289874155437763,0.6783407743344763,0.01790999541929297,0.6647879243331476,0.021215533343727697,0.6713440844450743,0.016935967287238035,330.8,10.609429767899876,157.0,11.436782764396638,353.0,0.053966590442608535,4.0,0.7852836083832175,0.7029177663554251,7.0,0.009195463037015905,1.8165307837593505
182,182,xgb,random,0.6872,0.0095791440118624,0.6963851313036392,0.010783978607933141,0.6587630198863865,0.0180957463503578,0.6769051329568658,0.011477057958756112,327.8,8.997777503361593,143.0,7.874007874011811,290.0,0.03942952002312457,3.0,0.715835764212827,0.7170162721626572,6.0,0.2718843032212668,2.2486496956314337
183,183,xgb,random,0.645,0.023638950907347835,0.6463525133352067,0.022759179500671186,0.633059400580188,0.037797409057014716,0.6392562804872661,0.026870400013484497,315.0,18.62256695517565,172.4,14.10815367083872,393.0,0.13563047814289741,8.0,0.9442314622493466,0.7291734574938755,9.0,0.06205617803901964,2.22977680969338
184,184,xgb,random,0.6644,0.01897998946258926,0.6663824931687381,0.017958266813980273,0.6515429928971419,0.024665324810564337,0.6588363169202787,0.021088531645873782,324.2,12.073110618229256,162.2,7.6262703859750465,372.0,0.06721404743079595,4.0,0.7280107154791048,0.8847753221500296,7.0,0.5638760559655487,1.638000858460065
185,185,xgb,random,0.644,0.013069047402163645,0.6452479150513261,0.012011175917317127,0.6322036637495656,0.03428670181655031,0.6382129904365906,0.020151974393687627,314.6,17.338973441354593,173.0,11.523888232710346,356.0,0.14617401225311394,4.0,0.697151838943259,0.8271381619347884,6.0,0.7072779403599593,1.9300687261941019
186,186,xgb,random,0.6849999999999999,0.014601369798755143,0.6928709693179,0.011619761464852692,0.6591622021284332,0.03860720601565569,0.6750642967993598,0.02201632313596869,328.0,19.235384061671343,145.4,9.850888284819801,273.0,0.03764098280163358,4.0,0.7593055672947217,0.9297129139702724,4.0,0.19447445600230795,1.324508774114332
187,187,xgb,random,0.633,0.014057026712644475,0.6371335512599897,0.011143452003941063,0.6089460457524263,0.032630108186666666,0.6224242002589163,0.021288146692306716,303.0,16.024980499208105,172.4,6.829348431585549,207.0,0.1155424857324776,5.0,0.5234154563561593,0.7563854929107485,1.0,0.8106541406532113,1.3593465391375343
188,188,xgb,random,0.6642000000000001,0.013120975573485393,0.6681932733408271,0.017066435685364856,0.6471067368063804,0.016721136115678197,0.6572689282086105,0.012135853880501247,322.0,8.318653737234168,160.2,12.998461447417537,374.0,0.1206134625409059,9.0,0.887833089742012,0.7001154005860323,4.0,0.26923997328433547,1.2109635985804879
189,189,xgb,random,0.6699999999999999,0.01089954127475094,0.6725456091772665,0.00981424509134921,0.6563638861280131,0.01745010325342843,0.6642898813031836,0.012599052039138286,326.6,8.42852300228219,159.0,5.329165037789691,163.0,0.06400920597228983,6.0,0.925536989914405,0.7492175395763907,4.0,0.016847176099380468,0.5287179381343641
190,190,xgb,random,0.6494000000000001,0.00717216843081645,0.6496010127657862,0.006418508467564624,0.6414769742955726,0.019696008208928112,0.6453618423726507,0.010992220534844416,319.2,9.846826900072937,172.2,6.523802572120036,178.0,0.13960260252712686,8.0,0.8273950617407952,0.8548809317597057,9.0,0.594045674962394,1.4565456583441032
191,191,xgb,random,0.6599999999999999,0.012696456198483114,0.6640147950333823,0.013034745659509074,0.6410648630740265,0.019112444025896878,0.6522567059304553,0.014872853485873049,319.0,9.715966241192895,161.4,7.08801805866774,103.0,0.06832633894112093,8.0,0.6553490766034309,0.6643686678777552,5.0,0.1047692018268398,0.8338804238257018
192,192,xgb,random,0.6718,0.0106470653233649,0.6731609570334247,0.00851470603717908,0.6615629520092442,0.023522549431043246,0.6671544819485095,0.014441432826730832,329.2,11.889491158161478,159.8,5.844655678480984,198.0,0.0461772232867126,9.0,0.7116208223253591,0.9659743198444156,9.0,0.4374053436963742,1.8285360233365302
193,193,xgb,random,0.6534000000000001,0.014718695594379293,0.6522760852627236,0.012792608713397859,0.6499349510718931,0.03504365637022236,0.6506873097961758,0.020851622806707947,323.4,17.304334717058612,172.4,10.594338110519223,338.0,0.0726996003796947,9.0,0.6990791432494035,0.5455421161024053,7.0,0.8395091781396117,1.788392210039253
194,194,xgb,random,0.659,0.011713240371477068,0.6603793641684021,0.01540278655381292,0.6491091125063635,0.013884676012022161,0.6545206068001543,0.009885057599533743,323.0,7.0710678118654755,166.4,12.043255373859678,325.0,0.09131245127156759,8.0,0.7863315810239155,0.7742531874341565,6.0,0.1007613669330879,1.0667390102300418
195,195,xgb,random,0.6796,0.012705904139414864,0.6815683829986202,0.010255541571438802,0.6680209772692379,0.02169225394947574,0.6746547113837156,0.015687228704433585,332.4,10.575443253121827,155.2,3.6,391.0,0.04472572553026431,8.0,0.7884731681185995,0.8077597650846489,1.0,0.13405865719924293,0.6801263685868757
196,196,xgb,random,0.651,0.010488088481701525,0.6534389841551717,0.01351133987918095,0.6366528488198266,0.01281692454556503,0.6448163201170986,0.009698384973311554,316.8,6.4621977685614045,168.2,9.987992791347018,128.0,0.08878802528006066,5.0,0.5895480514061532,0.7535922127295077,2.0,0.4258022513316886,1.081968568553337
197,197,xgb,random,0.6588,0.003187475490101848,0.6590244417392297,0.00757274989411752,0.6519292461596891,0.011401044695776009,0.6553241395125746,0.0025928510929931494,324.4,5.6780278266313555,168.0,8.461678320522472,373.0,0.12915192624707095,7.0,0.9881309074791317,0.8843745697370938,5.0,0.7347604621834732,1.9062676800282536
198,198,xgb,random,0.6368,0.013013838787997964,0.6389766160908567,0.014746904753767697,0.621374027296308,0.01474018807167524,0.62997626372633,0.013066653807947918,309.2,7.520638270785265,174.8,9.45304183847718,354.0,0.128073044745896,5.0,0.653842487169016,0.5302063144194635,9.0,0.496896009749325,2.4514379069317394
199,199,xgb,random,0.6574000000000001,0.009393614852653913,0.6569472361159538,0.010733696291791718,0.6523348928914855,0.014672501254155352,0.6545279926713615,0.009907659968538065,324.6,7.227724399837061,169.6,8.2365041127896,388.0,0.12127629071463422,5.0,0.9220763009173959,0.7319211751922479,6.0,0.5023517505785662,1.403573130545568
