run_id,random_seed,model_type,config_type,acc_mean,acc_std,prec_mean,prec_std,rec_mean,rec_std,f1_mean,f1_std,tp_mean,tp_std,fp_mean,fp_std,param_n_estimators,param_max_depth,param_min_samples_split,param_min_samples_leaf,param_criterion,param_class_weight
0,0,extra,default,0.5624,0.009350935782048727,0.5689431544341181,0.010324116721356382,0.4975863211396895,0.020719432552982617,0.530687328501067,0.01437878179913052,247.6,10.34601372510205,187.6,8.731551981177232,,,,,,
1,1,extra,random,0.595,0.013326664999166156,0.6267033644958125,0.015828272538852776,0.4598288526338755,0.024671876541662075,0.5302245280031125,0.020612135986332457,228.8,12.073110618229256,136.2,7.11055553385247,87.0,4.0,5.0,9.0,gini,
2,2,extra,random,0.6066,0.013836184445142395,0.6151652665671106,0.015143546762680416,0.5594991636566387,0.018016865816179006,0.585928745579525,0.01532321440153531,278.4,8.754427451295715,174.2,8.471127433818948,218.0,,9.0,9.0,gini,balanced
3,3,extra,random,0.6172,0.02667133292507147,0.6620619395916005,0.03882932019752695,0.4714358439795399,0.028673380214024966,0.55062264188737,0.03218872175778849,234.6,14.485855169785456,119.8,14.3024473430249,412.0,5.0,2.0,4.0,gini,
4,4,extra,random,0.6148,0.013775340286178063,0.6381611262061508,0.014118606396447974,0.5209118162792012,0.022355115831763923,0.5735310294846514,0.019150706963349817,259.2,10.998181667894016,146.8,3.54400902933387,172.0,5.0,8.0,8.0,entropy,balanced
5,5,extra,random,0.621,0.007694153624668545,0.6534446040610957,0.00597783659421393,0.5072321479075255,0.02135935794156673,0.5709377122413638,0.015005646527102153,252.4,10.669582934679312,133.8,4.445222154178573,405.0,11.0,8.0,7.0,entropy,
6,6,extra,random,0.6194000000000001,0.018704010265181117,0.6431123588367644,0.019518042172977267,0.5277399335773679,0.038379079478379534,0.5792057457855346,0.028428085622953972,262.6,19.06410239166796,145.6,11.146299834474219,444.0,14.0,3.0,4.0,gini,
7,7,extra,random,0.6199999999999999,0.012712198865656575,0.6554738675357641,0.016271344661389884,0.4988081097023911,0.027944195082304446,0.5660415451740105,0.02066808987502037,248.2,13.789851340750559,130.6,11.038115781237304,225.0,7.0,6.0,7.0,gini,
8,8,extra,random,0.6115999999999999,0.016871277367170527,0.6546655228381658,0.017696631017885642,0.4630441282231542,0.035962761806467194,0.5419711750166513,0.02981340298858973,230.4,17.76063061943466,121.2,5.81033561853358,390.0,5.0,3.0,6.0,entropy,
9,9,extra,random,0.6157999999999999,0.016521501142450722,0.6527222139871606,0.019001454759651704,0.4867583008088692,0.03017872082988612,0.557297706818612,0.024636904433965455,242.2,14.837789592793126,128.8,9.239047569960876,432.0,9.0,6.0,6.0,entropy,
10,10,extra,random,0.6162,0.011196428001822734,0.6420142898571082,0.009215599689942884,0.5164844488618459,0.031477314978045096,0.5720329168621585,0.02129939706305688,257.0,15.633297796690243,143.2,7.520638270785265,315.0,11.0,7.0,5.0,gini,
11,11,extra,random,0.6228,0.01898841752226869,0.6575616609421484,0.018669885085624328,0.5036500125249489,0.03521028290691534,0.570075328906922,0.028572202730641993,250.6,17.281203661782357,130.2,6.11228271597445,459.0,9.0,9.0,1.0,entropy,
12,12,extra,random,0.6186,0.010707007051459348,0.6486990164013486,0.013102176152314095,0.5092353316687273,0.017360993107828293,0.5704781605911317,0.014802716766468162,253.4,8.777243302996677,137.2,5.741080037762929,381.0,9.0,5.0,7.0,entropy,
13,13,extra,random,0.6274,0.007088018058667747,0.6574027135451392,0.013587982471842348,0.525716548285698,0.007620699786612678,0.5840701806354085,0.0032983520746949204,261.6,4.029888335921977,136.6,9.991996797437437,388.0,6.0,2.0,1.0,entropy,balanced
14,14,extra,random,0.5919999999999999,0.011242775458044167,0.6410796567512591,0.014737349942889288,0.4107779205352598,0.045449614546154316,0.49904078878800506,0.03334795273290267,204.4,22.606193841511665,114.8,15.663971399361019,157.0,3.0,2.0,7.0,gini,
15,15,extra,random,0.6162,0.015663971399361033,0.6389942686368207,0.019670843943777532,0.5265391546063529,0.024956407968895433,0.5770355008245456,0.019414877066390706,262.0,12.296340919151518,148.2,12.056533498481228,295.0,5.0,6.0,6.0,gini,balanced
16,16,extra,random,0.6112,0.008997777503361603,0.647876900300452,0.015269222716194294,0.4798946288170791,0.012712245223945297,0.5512001908237794,0.009989216473747963,238.8,6.49307323229917,130.0,9.633275663033837,219.0,7.0,8.0,6.0,entropy,
17,17,extra,random,0.6119999999999999,0.016431676725154998,0.6382863632828129,0.02364768023520358,0.5100571299281633,0.015249416604127392,0.5668186630945214,0.015651626149307013,253.8,7.4404300950953095,144.2,13.614697940094008,161.0,10.0,3.0,7.0,entropy,
18,18,extra,random,0.6094,0.01609471963098458,0.6584886568405457,0.023177937741855805,0.44737501313099487,0.03661001162294961,0.5319725293350777,0.02813118508001926,222.6,18.03995565404749,115.6,12.658593918757328,348.0,4.0,5.0,9.0,gini,
19,19,extra,random,0.6158,0.013317657451669204,0.6292787024161162,0.015033068508986572,0.5546677656299241,0.014016875167095216,0.589612200570123,0.01430844450927224,276.0,6.870225614927067,162.6,6.740919818541087,143.0,12.0,8.0,6.0,gini,balanced
20,20,extra,random,0.6146,0.016292329483533055,0.6384290118409213,0.01773478168515242,0.5192803406786098,0.026633438016201442,0.5725664960497717,0.02211892627376323,258.4,13.380582946942184,146.2,7.025667228100119,405.0,13.0,4.0,5.0,gini,
21,21,extra,random,0.61,0.02737882393383619,0.6560391564830053,0.036272272179052066,0.45336597900656955,0.040432429057224197,0.535762037917123,0.038846151694815464,225.6,20.185143051264216,118.0,12.727922061357855,257.0,4.0,2.0,5.0,entropy,
22,22,extra,random,0.6234,0.00849941174435032,0.6478985718765721,0.012690771803069665,0.5333624235372072,0.014200849005733438,0.5849110445485548,0.00980129996536939,265.4,7.031358332498778,144.4,9.134549797335389,423.0,4.0,6.0,1.0,gini,balanced
23,23,extra,random,0.599,0.014926486525636247,0.607967680895881,0.015361406683207787,0.5462461516084459,0.029257171756188353,0.5751799757820729,0.020874961813703234,271.8,14.330387294138287,175.2,9.558242516278815,133.0,14.0,8.0,9.0,entropy,balanced
24,24,extra,random,0.6279999999999999,0.012345039489608783,0.6516805251013118,0.02034004472612949,0.5446203324363854,0.015265975522766944,0.593002899213366,0.009594077871296711,271.0,7.483314773547883,145.4,15.06784656146989,468.0,13.0,5.0,1.0,entropy,balanced
25,25,extra,random,0.6222,0.019384529914341506,0.6411476275834411,0.018925469359182916,0.5454057679409792,0.03380701756585367,0.589190298490159,0.026997034587669128,271.4,16.930445948054647,151.6,6.499230723708768,182.0,8.0,8.0,7.0,gini,balanced
26,26,extra,random,0.611,0.01963670033381374,0.6255979202205907,0.01633514222681127,0.5406155810364194,0.04331996241427846,0.5795590807206681,0.03216258357825942,269.0,21.438283513378586,160.4,3.49857113690718,359.0,13.0,8.0,7.0,gini,balanced
27,27,extra,random,0.5900000000000001,0.00809938269252664,0.5995719306876326,0.007994647925894589,0.5297463495834445,0.015310316441993828,0.5624401742155682,0.011477632393645453,263.6,7.552483035399681,176.0,3.9496835316262997,69.0,12.0,2.0,9.0,entropy,
28,28,extra,random,0.612,0.009715966241192904,0.6363835591124843,0.01255354127119401,0.5140667296954418,0.016666639354837195,0.5685972961330623,0.01312337691916379,255.8,8.304215796810677,146.2,7.30479294709987,307.0,3.0,3.0,6.0,gini,balanced
29,29,extra,random,0.6224000000000001,0.018128430709799474,0.651316479128403,0.020351234127223165,0.5180722891566265,0.026708342385631204,0.5770149335273674,0.024176516932883956,257.8,13.43726162579266,137.8,6.241794613730893,421.0,10.0,6.0,3.0,gini,
30,30,extra,random,0.6234,0.022861321046693715,0.6421009740755166,0.024081287617088238,0.5486541740402252,0.030284848343625798,0.5916092044172341,0.027078024253609653,273.0,14.872793954062566,152.0,9.528903399657276,343.0,10.0,7.0,5.0,entropy,balanced
31,31,extra,random,0.6092000000000001,0.012106196760337256,0.6193227957350369,0.014678537839432826,0.5574741622425315,0.010418150438722995,0.5867416214581058,0.011694644467518266,277.4,5.238320341483518,170.6,8.284926070883191,260.0,,9.0,1.0,entropy,balanced
32,32,extra,random,0.6254000000000001,0.006343500610861488,0.6499995908205751,0.007784272253543358,0.5357841830097049,0.014971787044942269,0.5872660014863542,0.009769417782982794,266.6,7.227724399837061,143.6,6.053098380168622,265.0,3.0,5.0,6.0,gini,balanced
33,33,extra,random,0.5836,0.020489997559785107,0.5880651365452616,0.02205514205311783,0.5445952825386051,0.026178877617146518,0.5653865934827083,0.02320986641064994,271.0,13.221195104830729,189.8,11.214276615100948,70.0,11.0,9.0,9.0,gini,balanced
34,34,extra,random,0.6278,0.020575713839378715,0.650681105138254,0.022160299102995315,0.5429880487745751,0.030051439449863257,0.5918722434407017,0.02671072993717487,270.2,15.118200951171406,144.8,7.30479294709987,467.0,10.0,4.0,7.0,entropy,balanced
35,35,extra,random,0.6164,0.011672189169131908,0.6328393748982717,0.007842440654022136,0.5449896164133394,0.03799774635790863,0.5850453046620104,0.024171830609117564,271.2,19.093454375780198,157.2,9.108238029388561,251.0,10.0,9.0,8.0,entropy,balanced
36,36,extra,random,0.614,0.012680693987317897,0.6338403674694421,0.013070858931782642,0.5305398657002256,0.02158341898046331,0.5775076261977163,0.017551095735621487,264.0,10.825894882179487,152.4,5.122499389946279,183.0,7.0,4.0,9.0,gini,balanced
37,37,extra,random,0.6244000000000001,0.01613195586406064,0.6459120730276323,0.013353396506689092,0.541418793887825,0.038321341799277674,0.5885756001364093,0.02767538037741087,269.4,18.937792902025304,147.4,7.1442284397967,449.0,12.0,5.0,6.0,gini,balanced
38,38,extra,random,0.6136,0.029261578904768645,0.6376029381256741,0.03580927316936116,0.5168723182468303,0.037226748116815665,0.5707449986375918,0.03582711114470854,257.2,18.594622878671135,146.0,13.784048752090222,467.0,12.0,5.0,6.0,entropy,
39,39,extra,random,0.608,0.020248456731316606,0.6537959360329733,0.026765417180077297,0.4501523195397283,0.0314411758091728,0.5329377482340538,0.02961888560477206,224.0,15.709869509324385,118.4,8.822698000045111,443.0,5.0,3.0,1.0,entropy,
40,40,extra,random,0.6192,0.012448293055676359,0.6417589332565032,0.014742005322269344,0.5313487349801621,0.02357506550440935,0.5811398745268006,0.01778789751233924,264.4,11.740528097151337,147.6,8.309031231136395,376.0,9.0,5.0,8.0,gini,balanced
41,41,extra,random,0.6332,0.013496666255042403,0.658498198890354,0.0129289309420401,0.545429201716322,0.023866751483765578,0.5965358310127118,0.01914492542128969,271.4,11.757550765359253,140.6,4.029888335921977,498.0,8.0,5.0,3.0,entropy,balanced
42,42,extra,random,0.6076,0.010707007051459348,0.6184116307214615,0.012596334644343954,0.5526605415626288,0.01856513332595615,0.5835171701032931,0.012850609141762498,275.0,9.121403400793104,169.8,9.239047569960878,152.0,12.0,5.0,8.0,gini,balanced
43,43,extra,random,0.6080000000000001,0.007615773105863915,0.6233707457210845,0.005518459717069462,0.5361736685171269,0.031042783178363308,0.5760207863249539,0.01844372720561005,266.8,15.43243337908834,161.2,9.57914401186244,374.0,,2.0,2.0,entropy,balanced
44,44,extra,random,0.6237999999999999,0.020123617964968445,0.6498262459562756,0.026840898811188892,0.5305334012104758,0.024965200422727943,0.5838379591438669,0.0223118085772003,264.0,12.569805089976535,142.6,15.14727698300919,326.0,8.0,5.0,2.0,gini,balanced
45,45,extra,random,0.6182,0.00988736567544663,0.6593760565149224,0.015795462175484085,0.4819163979863115,0.014096491059615466,0.5567121294764132,0.01233350498632073,239.8,6.968500556073738,124.0,8.12403840463596,464.0,6.0,5.0,1.0,entropy,
46,46,extra,random,0.6268,0.019093454375780215,0.6583484851296347,0.029308374792582127,0.5221069388216851,0.022745729354360086,0.5819392544507899,0.020385769481927694,259.8,11.320777358467925,135.4,16.942254867637896,239.0,3.0,7.0,9.0,entropy,balanced
47,47,extra,random,0.6068,0.01511820095117142,0.6379352007020277,0.017076266992162702,0.4847397638845119,0.02937096117053463,0.5505475574595613,0.023733830277804666,241.2,14.510685717773644,136.8,8.565045242145542,185.0,7.0,8.0,8.0,gini,
48,48,extra,random,0.5746,0.02725876005984131,0.5777513637564413,0.02715960363770233,0.5353793443391272,0.03863146961790005,0.5556613788611193,0.03318127579926454,266.4,19.137397942249102,194.2,8.565045242145544,50.0,10.0,5.0,2.0,entropy,balanced
49,49,extra,random,0.5958,0.018529975715040767,0.647424746297459,0.028439235356639853,0.412390002666602,0.027134452318476412,0.50352452555504,0.026370031090262352,205.2,13.422369388450013,111.8,11.034491379306978,476.0,3.0,7.0,9.0,entropy,
50,50,extra,random,0.619,0.009695359714832668,0.6491231665521136,0.015951754733939148,0.5116789087941302,0.028969343225918133,0.5716278449209993,0.0169673096150646,254.6,14.207040508142432,138.0,13.899640283115243,226.0,9.0,2.0,2.0,entropy,
51,51,extra,random,0.6072,0.0143443368616329,0.6266362608798464,0.015999041312479794,0.5204851599557182,0.022969526316739614,0.5685399845757901,0.019592499773883144,259.0,11.575836902790225,154.2,6.43117407632541,107.0,5.0,7.0,1.0,gini,balanced
52,52,extra,random,0.6174,0.012043255373859689,0.6548450595990223,0.019912770601837992,0.48994771843914897,0.011360775767942075,0.5603524630525293,0.011334742627489298,243.8,5.741080037762929,128.8,11.160645142642965,206.0,6.0,5.0,8.0,gini,
53,53,extra,random,0.5898,0.014091131963046842,0.6019838607544373,0.01585326203085202,0.5176763391594548,0.024535474969876632,0.5565056130121165,0.019875861679494,257.6,12.289833196589774,170.2,7.30479294709987,75.0,11.0,7.0,6.0,gini,
54,54,extra,random,0.6117999999999999,0.015038616957685984,0.6538601362749737,0.024786867565112777,0.46906499236382143,0.022616762007307,0.545814755459124,0.01803036220622961,233.4,11.11035552986492,124.0,14.028542333400146,161.0,4.0,7.0,3.0,entropy,
55,55,extra,random,0.617,0.018165902124584965,0.6373438666896668,0.019611483636654263,0.5333462623128329,0.026384736488066173,0.580655884136096,0.02353001345568008,265.4,13.27554142022087,150.8,6.11228271597445,204.0,3.0,9.0,9.0,gini,balanced
56,56,extra,random,0.6254,0.007282856582413256,0.6577905779106291,0.010981512781383467,0.5156658828472845,0.013486654210047784,0.577987282765811,0.009604241673697776,256.6,6.887670143089024,133.6,7.4993333037010705,391.0,10.0,6.0,1.0,gini,
57,57,extra,random,0.6028,0.01791535654124697,0.613375399180228,0.016718448191864563,0.543825200197167,0.04182975998258432,0.5759842764708967,0.02961437159301901,270.6,20.732583051805193,170.2,9.239047569960878,264.0,,7.0,7.0,entropy,balanced
58,58,extra,random,0.6134000000000001,0.015742934923323557,0.6306372025223268,0.017849923726646708,0.5381768522783286,0.023181399497154365,0.580631604005187,0.019703585494416344,267.8,11.617228585166083,156.8,8.133879763065101,341.0,11.0,2.0,8.0,gini,balanced
59,59,extra,random,0.6119999999999999,0.01656502339267894,0.6502226383160757,0.024711405323882052,0.4774906466913933,0.020001956567145082,0.5504397190457541,0.01969436061041184,237.6,9.971960689854328,128.0,11.627553482998906,227.0,5.0,6.0,8.0,gini,
60,60,extra,random,0.6226,0.01036532681587996,0.6454386585126185,0.009571202681158965,0.5357728701526427,0.026226490858498326,0.5852329215361373,0.017977794549820826,266.6,13.047605144240071,146.4,6.740919818541086,255.0,6.0,3.0,7.0,entropy,balanced
61,61,extra,random,0.6112,0.02337006632425336,0.6266986862902211,0.025800205244024006,0.539361470024969,0.034725962571799614,0.5795722138852398,0.030225730307319423,268.4,17.48828179095934,159.6,10.091580649234292,149.0,9.0,4.0,3.0,gini,balanced
62,62,extra,random,0.5826,0.0162308348522188,0.5889593133061919,0.02162669140093169,0.5377825184035943,0.01467972694737364,0.5618913269990627,0.012055023976342477,267.6,7.28285658241325,187.4,17.895250766614026,68.0,11.0,2.0,2.0,gini,balanced
63,63,extra,random,0.6112,0.009987992791347027,0.6308867441076662,0.014246098532114056,0.5281528528601327,0.021603259089650568,0.5746291624035298,0.013626275182705459,262.8,10.533755265810953,154.0,11.419281938896159,94.0,9.0,6.0,8.0,entropy,
64,64,extra,random,0.6078,0.020759576103572076,0.6333109011375744,0.030754716310361897,0.5064378237295257,0.01690967866235334,0.5625002060141909,0.018585812489516865,252.0,8.318653737234168,146.6,17.783138080777533,169.0,9.0,8.0,7.0,gini,
65,65,extra,random,0.616,0.027269030052423964,0.6494763909057851,0.03265943897157708,0.4943783181013794,0.03913926119769484,0.5611753459025751,0.03612508212575802,246.0,19.421637418096342,132.4,10.707007051459339,352.0,8.0,7.0,9.0,entropy,
66,66,extra,random,0.593,0.009899494936611674,0.6314591271421264,0.011118221258794263,0.4368960752466607,0.023000912725045782,0.5162135116226788,0.018663049751764853,217.4,11.46472851837321,126.8,5.844655678480984,70.0,3.0,6.0,8.0,entropy,
67,67,extra,random,0.6032,0.015727682601070013,0.6539790682496667,0.022406699702200196,0.43007603856068133,0.025031681184226967,0.5186483564779306,0.023520597172019903,214.0,12.361229712289955,113.2,8.908422980528035,373.0,3.0,7.0,6.0,gini,
68,68,extra,random,0.6148,0.010684568311354475,0.6312242199224347,0.011976589390363128,0.5429937052031061,0.016561884907374324,0.5837439740949734,0.014085862193661487,270.2,8.44748483277715,157.8,4.874423042781576,369.0,13.0,4.0,8.0,entropy,balanced
69,69,extra,random,0.5887999999999999,0.011303096920755845,0.5963578884027341,0.013288798662758252,0.538167155543704,0.022264074024255103,0.56550480429364,0.015005079165901712,267.8,11.26765281680262,181.4,11.429785649783637,104.0,12.0,5.0,8.0,gini,balanced
70,70,extra,random,0.6036,0.026112066176386717,0.6535455765633801,0.040260887544454255,0.43409291087892815,0.02672625187677415,0.5214803315516121,0.03041262523068676,216.0,13.221195104830729,114.8,15.68948692596415,384.0,3.0,8.0,3.0,entropy,
71,71,extra,random,0.6032,0.02114142852316278,0.6307612734674206,0.027483474778745378,0.4891251121184941,0.027076675346596288,0.5507474427700702,0.025582127701090623,243.4,13.676256797823008,142.6,13.395521639712282,157.0,7.0,7.0,8.0,gini,
72,72,extra,random,0.6058,0.012671227249165737,0.6649822438157964,0.026411793427719328,0.42081727311661127,0.008900732298019035,0.5151928619460031,0.010317180675410568,209.4,4.498888751680798,106.0,12.853015210447703,325.0,3.0,8.0,6.0,gini,
73,73,extra,random,0.6144000000000001,0.019855477833585388,0.6542708416918457,0.022858437823651937,0.4758858371110195,0.03714056949447452,0.5505826363345839,0.03153672945676954,236.8,18.48675201326615,124.8,7.756287771866126,456.0,6.0,4.0,1.0,gini,
74,74,extra,random,0.6237999999999999,0.011320777358467935,0.6518155272896438,0.015040458651772528,0.5241295160521361,0.016582430073401662,0.5809091673768373,0.013711142852500422,260.8,8.034923770640267,139.4,8.16333265278342,464.0,11.0,5.0,5.0,gini,
75,75,extra,random,0.618,0.012930583900195702,0.6487140382095424,0.014244637351008792,0.5064055012807771,0.03385014582895044,0.5682751084709037,0.023988332537848937,252.0,17.029386365926403,136.4,9.748846085563153,298.0,9.0,2.0,4.0,entropy,
76,76,extra,random,0.6058,0.016821414922651438,0.636175539122841,0.02322973354999252,0.48592842193724595,0.018356104473346967,0.5508928407825049,0.019192440992801804,241.8,9.195651146058118,138.4,10.669582934679312,211.0,7.0,9.0,8.0,entropy,
77,77,extra,random,0.6112,0.025678006153126477,0.6345493097184451,0.03834788158488296,0.5221093630053414,0.00837394094378075,0.5724022520372716,0.017965039105382743,259.8,4.06939798987516,151.0,24.14125100321025,265.0,14.0,9.0,5.0,entropy,
78,78,extra,random,0.6049999999999999,0.010334408546211059,0.6473089710689287,0.017553579677222157,0.4537756660444595,0.010776234973624637,0.5334243700648762,0.011109126108715563,225.8,5.418486873657626,123.2,8.908422980528035,247.0,5.0,8.0,8.0,gini,
79,79,extra,random,0.6073999999999999,0.012240914998479496,0.6580076904893133,0.0114363782646788,0.4389299653341737,0.03165963554344518,0.5260637894476761,0.024926420701411284,218.4,15.589740215924062,113.4,7.059745037889116,393.0,4.0,7.0,4.0,entropy,
80,80,extra,random,0.6187999999999999,0.01233531515608743,0.6598773701880742,0.022221515306822783,0.4847381477620745,0.0169645523107813,0.5585409659430831,0.012685801314186358,241.2,8.28009661779378,124.8,13.746272221951665,225.0,6.0,6.0,7.0,entropy,
81,81,extra,random,0.6266,0.014853955702101728,0.657290278459906,0.01838577345943255,0.5212859486234677,0.019482245146870737,0.5813833881828488,0.01857256271709586,259.4,9.911609354691093,135.2,7.11055553385247,373.0,10.0,3.0,9.0,entropy,
82,82,extra,random,0.6,0.010583005244258372,0.6488365266774854,0.014765257201686617,0.42764458235355907,0.023283766911325603,0.515192783146744,0.019107552649429475,212.8,11.668761716651858,115.2,8.084553172563094,181.0,4.0,4.0,4.0,entropy,
83,83,extra,random,0.6126,0.01410815367083873,0.6261672156060336,0.01804775634709012,0.5502331256616001,0.01344482964398257,0.5856838883458284,0.01422712626424696,273.8,6.8527366796047255,163.6,9.93176721434811,132.0,9.0,9.0,9.0,entropy,balanced
84,84,extra,random,0.6158,0.009682974749528171,0.6355369483338423,0.01443159902990083,0.5357680217853303,0.024596806035157945,0.5809546672570665,0.014532908709535084,266.6,12.289833196589774,153.2,12.952219886953742,476.0,13.0,3.0,9.0,entropy,balanced
85,85,extra,random,0.6128,0.008818163074019449,0.6599125385312121,0.013902517881015642,0.4581876802986594,0.02067756699264018,0.5405579907775298,0.01594009919420135,228.0,10.411532067856296,117.6,8.309031231136395,412.0,5.0,2.0,5.0,gini,
86,86,extra,random,0.6006,0.01908507270093569,0.6190349976272318,0.022796090087126488,0.5140756183688475,0.03051518433117177,0.5612818734594267,0.024155044604433316,255.8,15.118200951171406,157.6,14.44437606821423,198.0,14.0,2.0,4.0,gini,
87,87,extra,random,0.6115999999999999,0.01287788802560421,0.6320570120628887,0.016189085137180887,0.5253197902273077,0.013816887623939747,0.573735857349219,0.014333405195134789,261.4,6.916646586316233,152.2,7.413501197140255,383.0,4.0,5.0,7.0,gini,balanced
88,88,extra,random,0.612,0.019036806454865288,0.6500313360728254,0.02574272002389959,0.4779237675046262,0.032486577543354496,0.5503142258036118,0.026676508507567375,237.8,15.942396306703706,128.2,13.377593206552515,338.0,8.0,9.0,2.0,gini,
89,89,extra,random,0.6216,0.017715529910222856,0.6517474151101097,0.018157442500590096,0.5141006682666279,0.0393304739208241,0.5741361589149697,0.028874212382665847,255.8,19.35355264544471,136.6,10.781465577554844,453.0,3.0,8.0,5.0,entropy,balanced
90,90,extra,random,0.6118,0.018421726303471143,0.6533754116344481,0.028051784846115816,0.46986739715400844,0.014234355144177677,0.5464988646916498,0.017922596552138993,233.8,6.881860213634101,124.4,13.484806264830059,397.0,5.0,7.0,3.0,gini,
91,91,extra,random,0.6292000000000001,0.010961751684835786,0.654603894731222,0.014250581078682193,0.5397727731852966,0.022495971821883773,0.5914233455439418,0.01599121798450936,268.6,11.412274094149684,141.8,8.885943956609225,228.0,3.0,8.0,3.0,gini,balanced
92,92,extra,random,0.6228,0.024943135328182004,0.6455617290136854,0.031248947263539995,0.5377671652404385,0.024863853252033868,0.586598927543106,0.02609152992855859,267.6,12.531560158256434,147.2,15.892136420255145,172.0,8.0,4.0,4.0,entropy,balanced
93,93,extra,random,0.6294,0.015120846537148652,0.6533636181080749,0.018699035694631775,0.5437961099932931,0.020565989937464054,0.5934441232163631,0.01820153719668094,270.6,10.423051376636305,143.6,9.046546302318914,471.0,9.0,5.0,5.0,entropy,balanced
94,94,extra,random,0.6058,0.015689486925964162,0.6228255359337782,0.018994071545685644,0.5273423674577586,0.01326036919664723,0.5711067753272079,0.015594819225825549,262.4,6.37495098020369,159.0,9.252026804976301,237.0,10.0,4.0,1.0,gini,balanced
95,95,extra,random,0.6085999999999999,0.013922643427165702,0.6311674183616682,0.020294282307712398,0.5148764070365971,0.008658438363438851,0.5670252075236986,0.011915909422861961,256.2,4.166533331199932,150.0,11.50651989091402,456.0,14.0,3.0,4.0,gini,
96,96,extra,random,0.613,0.018187908071023468,0.6447117193708267,0.025573911763158718,0.49598231962053435,0.018157592940762347,0.5605388054798113,0.019724855028229304,246.8,9.019977827023745,136.2,11.923086848631105,134.0,7.0,4.0,7.0,entropy,
97,97,extra,random,0.6134000000000001,0.02588899380045507,0.648718641613632,0.03404998200039179,0.4871170799899801,0.031987212360091735,0.5561305187072334,0.03101545880757289,242.4,16.0822883943797,131.4,15.291827882892221,140.0,5.0,5.0,4.0,entropy,
98,98,extra,random,0.5880000000000001,0.014310835055998667,0.6099640483673665,0.015228841774508499,0.4758785645600511,0.026366718773172627,0.5344773053991796,0.021869277968335796,236.8,13.181805642627264,151.2,4.955804677345546,92.0,7.0,6.0,2.0,gini,
99,99,extra,random,0.617,0.012569805089976547,0.6358837915246323,0.01782665737497978,0.5402058939985294,0.017425978430204957,0.583917725977864,0.01322854234275352,268.8,8.471127433818948,154.2,12.089665007765932,179.0,8.0,5.0,9.0,entropy,balanced
100,100,extra,random,0.5968,0.008494704232638128,0.6402119775552382,0.014325231715990658,0.4336743351676323,0.013887542377320112,0.5169224074697001,0.011749353028967067,215.8,7.025667228100119,121.4,7.914543574963752,58.0,4.0,2.0,4.0,entropy,
101,101,extra,random,0.6138,0.010906878563548794,0.6443499957949058,0.014695256631088043,0.4999975758163438,0.018129101801551948,0.5629043690326118,0.014626228173124034,248.8,9.064215354899728,137.4,8.212186067059124,401.0,11.0,5.0,2.0,gini,
102,102,extra,random,0.6216,0.01330563790278393,0.644478585152678,0.019042243667077352,0.5357898394382359,0.02720289989163134,0.5846488471302973,0.017635025694157463,266.6,13.350655414622908,147.4,13.484806264830059,306.0,4.0,5.0,3.0,entropy,balanced
103,103,extra,random,0.6094,0.009264987857520383,0.6246686098576184,0.008701513961745018,0.5381752361558911,0.018150647747318855,0.5781401315245518,0.014021787965835055,267.8,9.152048950918042,160.8,2.1354156504062622,313.0,13.0,3.0,4.0,entropy,balanced
104,104,extra,random,0.5878,0.011196428001822734,0.5940446611001443,0.011202616220923622,0.5417864617423416,0.022691672025536437,0.566544578325817,0.01579841703260247,269.6,11.46472851837321,184.2,7.70454411370329,119.0,,3.0,7.0,gini,balanced
105,105,extra,random,0.6108,0.015038616957685984,0.6261772193928594,0.014508128055529184,0.5397994392055142,0.038252332207100885,0.5792360992346351,0.0259047440679044,268.6,18.99052395275075,160.2,10.283968105745952,242.0,11.0,7.0,7.0,entropy,balanced
106,106,extra,random,0.6174,0.008754427451295723,0.6384864768727476,0.005840081560117981,0.5325632509918952,0.029514269323612306,0.5803382981456557,0.0185295058617698,265.0,14.628738838327793,150.0,7.720103626247513,416.0,13.0,4.0,8.0,entropy,balanced
107,107,extra,random,0.6076,0.008428523002282199,0.64279537171448,0.014526789820993374,0.47707853546984713,0.015906829153353265,0.5474017956133149,0.010309695376948721,237.4,8.089499366462675,132.2,10.759182125050211,112.0,5.0,2.0,7.0,entropy,
108,108,extra,random,0.605,0.0271440601237177,0.6457211512273137,0.03836199960688291,0.45660226418753486,0.03432675589998178,0.5346775373744718,0.035239688321794145,227.2,17.02233826476257,124.6,14.319217855735,149.0,4.0,9.0,2.0,gini,
109,109,extra,random,0.6104,0.01372005830891401,0.6443599522371726,0.01707809018937294,0.4843300768466219,0.020609418749033655,0.5528669582233567,0.01825308025635699,241.0,10.198039027185569,133.0,7.4565407529228995,312.0,6.0,7.0,6.0,gini,
110,110,extra,random,0.605,0.01640731544159496,0.6344837927572635,0.024201047477559145,0.488329171818057,0.01742654688833351,0.5516302458972184,0.0166362897061009,243.0,8.87693640846886,140.4,14.291256067959877,178.0,8.0,5.0,1.0,gini,
111,111,extra,random,0.6123999999999999,0.01387948125831799,0.6584320075145768,0.019392003520372608,0.4594215897796417,0.02133587902664068,0.5410303394206815,0.01950599685365841,228.6,10.44222198576529,118.6,8.064738061462382,390.0,5.0,6.0,5.0,entropy,
112,112,extra,random,0.607,0.012569805089976547,0.6276578095905473,0.013734386377357584,0.5160553683547066,0.023658977316933467,0.5662731498647686,0.018955375161397656,256.8,12.006664815842907,152.2,5.268775948927796,150.0,9.0,5.0,9.0,entropy,
113,113,extra,random,0.5904,0.019925862591115114,0.5987250243455498,0.021993054850371972,0.5361882136190638,0.025820247868190285,0.5656031139539957,0.023046306179009993,266.8,12.702755606560334,178.8,11.142710621747295,215.0,,6.0,3.0,entropy,balanced
114,114,extra,random,0.6042,0.010186265262597484,0.6387723586675105,0.013465173471575624,0.4710762567372104,0.017587554504783425,0.5421005800253805,0.014247221832435378,234.4,8.5463442476886,132.6,7.2,124.0,5.0,5.0,7.0,gini,
115,115,extra,random,0.6195999999999999,0.021256528408938297,0.6416524877338816,0.023042082985217278,0.5325414333389897,0.03527484703273338,0.5817122258187911,0.02899577656813129,265.0,17.663521732655695,147.8,10.146920715172659,324.0,6.0,2.0,3.0,gini,balanced
116,116,extra,random,0.62,0.016577092628081696,0.636673160535312,0.019973097979406617,0.5514427933060209,0.027348557033409698,0.590638290767292,0.020331723529045526,274.4,13.661625086350451,156.8,13.166624472506234,359.0,13.0,5.0,7.0,entropy,balanced
117,117,extra,random,0.6117999999999999,0.025039169315294808,0.631915353945102,0.027677293008981543,0.5244826388047159,0.04039411176575381,0.5729031884317483,0.03470200212662128,261.0,20.31748015872047,151.6,10.209799214480176,162.0,5.0,2.0,2.0,gini,balanced
118,118,extra,random,0.6174,0.011038115781237314,0.6403462354247089,0.011463315198433497,0.5273367110292275,0.03135659095656469,0.5778984395170685,0.02029338543611626,262.4,15.564061166674975,147.4,9.624967532412773,306.0,13.0,9.0,3.0,gini,
119,119,extra,random,0.6218,0.018059900331950908,0.6646616922366034,0.02374281277389938,0.48472764296623116,0.03054229246004831,0.5601669400282782,0.02546808280282677,241.2,15.184202316881846,121.8,11.582745788456206,468.0,6.0,4.0,7.0,gini,
120,120,extra,random,0.6134,0.009178235124467022,0.6316893286332905,0.009287078648316969,0.5353656072984089,0.03141434661579369,0.5790534894044144,0.018531046267217504,266.4,15.67928569801571,155.4,11.001818031580054,217.0,10.0,2.0,9.0,gini,balanced
121,121,extra,random,0.5973999999999999,0.014221111067704954,0.6498479315400065,0.018778299749752255,0.4131899832731327,0.023997248711963223,0.5050130403706021,0.02285798561645276,205.6,11.892854997854805,110.6,5.0039984012787215,372.0,3.0,7.0,9.0,gini,
122,122,extra,random,0.6138000000000001,0.029348935244741015,0.6446588725739371,0.03754216543532626,0.4979935839939234,0.035229025463109014,0.5618064540197213,0.03603229949349661,247.8,17.52027397046062,136.4,13.380582946942186,460.0,10.0,4.0,7.0,gini,
123,123,extra,random,0.6159999999999999,0.015962455951387945,0.6286698516178392,0.018473739848747575,0.5578725364233594,0.023442234969144247,0.5909959595813895,0.01928867889411574,277.6,11.723480711802276,164.0,10.21763181955584,415.0,,8.0,3.0,entropy,balanced
124,124,extra,random,0.6180000000000001,0.015504837954651459,0.640920482519072,0.018914980750330445,0.5285399141838986,0.01600632567000939,0.5792940468782499,0.01670075468510259,263.0,7.92464510246358,147.4,8.754427451295715,206.0,6.0,3.0,8.0,gini,balanced
125,125,extra,random,0.6202,0.014634206503941387,0.6711695115175041,0.025710072880506245,0.46543194912446567,0.012480458148490307,0.5495170562812558,0.014727680457121504,231.6,6.248199740725323,113.8,11.838918869558993,495.0,5.0,7.0,3.0,gini,
126,126,extra,random,0.6154,0.01265859391875734,0.6452575156757505,0.020717729660492637,0.5064321673009948,0.012681625853598107,0.5672113920288325,0.010463087189896352,252.0,6.29285308902091,139.0,13.65283853270081,408.0,11.0,9.0,2.0,gini,
127,127,extra,random,0.5988,0.016129476122924778,0.612401739229895,0.019831693833116126,0.5285407222451173,0.012924065553449902,0.5673596580831101,0.015592312630810182,263.0,6.356099432828281,166.6,10.365326815879952,251.0,,6.0,3.0,gini,balanced
128,128,extra,random,0.6172,0.01531535177526133,0.6598368932499656,0.019899508238773036,0.4771181304695644,0.03623992937490175,0.5529645726067243,0.02685991562960461,237.4,17.85049018934774,122.6,12.7216351150314,260.0,5.0,5.0,6.0,entropy,
129,129,extra,random,0.6066,0.015831613941730653,0.6171942919528146,0.01878783080716398,0.5522613593205821,0.01848526237835277,0.5827954528611128,0.016413752024610172,274.8,9.042123644365853,170.6,11.324310133513652,145.0,11.0,9.0,9.0,entropy,balanced
130,130,extra,random,0.6215999999999999,0.016560193235587575,0.6543246736675274,0.019091529486810144,0.5072353801524003,0.027422253938302825,0.57127586634435,0.023383736976560626,252.4,13.632314550361578,133.2,7.166589146867566,459.0,10.0,7.0,4.0,entropy,
131,131,extra,random,0.6215999999999999,0.012611106216347567,0.6436189989001616,0.015622244609133305,0.5369639523890329,0.019581713250672386,0.5853307574316893,0.015948564164563254,267.2,9.927738916792686,148.0,8.414273587185052,421.0,7.0,8.0,8.0,entropy,balanced
132,132,extra,random,0.6206,0.004715930449020643,0.6578636606608187,0.009641543330299358,0.49558475350092523,0.014212373677858447,0.5651098090554849,0.008212672363029958,246.6,6.974238309665077,128.4,7.735631842325487,403.0,8.0,4.0,2.0,gini,
133,133,extra,random,0.6140000000000001,0.010430723848324247,0.6442167978251746,0.015251824601859377,0.5016088498864674,0.015159273561167414,0.5638793735812561,0.01229266113226117,249.6,7.525955088890712,138.0,9.186947262284681,211.0,9.0,2.0,9.0,entropy,
134,134,extra,random,0.6,0.011713240371477068,0.6076827926173276,0.011689825411871028,0.5530387142129888,0.02187903825055815,0.5789446090098318,0.01614227538275531,275.2,11.08873302050329,177.6,6.56048778674269,88.0,9.0,2.0,8.0,gini,balanced
135,135,extra,random,0.6122,0.016928083175599077,0.6346126696529031,0.0173315909183932,0.5188690375182824,0.033991109274982056,0.57061612758457,0.02615977337531578,258.2,17.08098357823694,148.4,7.116178749862878,209.0,12.0,5.0,6.0,entropy,
136,136,extra,random,0.6148,0.020143485299222694,0.6333681953773257,0.023910677430887966,0.5365631540245488,0.022571902026441694,0.5808820280685983,0.022358945336849068,267.0,11.384199576606166,154.6,11.324310133513652,273.0,11.0,3.0,6.0,entropy,balanced
137,137,extra,random,0.5982,0.011461239025515532,0.640459852196959,0.0244683086633365,0.4417298974570314,0.015605238714723909,0.5224078348476904,0.010978129310316463,219.8,7.626270385975047,124.0,14.198591479439079,272.0,3.0,8.0,4.0,gini,
138,138,extra,random,0.6144,0.01330563790278393,0.6610620789407968,0.018405675592628845,0.4618110268033906,0.016167946449743967,0.543718463694424,0.01687334574382667,229.8,8.133879763065103,117.8,6.523802572120037,300.0,5.0,3.0,2.0,entropy,
139,139,extra,random,0.5558000000000001,0.010264501936285062,0.5568963200715098,0.011320535707771254,0.5265431949124466,0.021133882185498526,0.5410588404832684,0.012952309411511525,262.0,10.315037566582102,208.6,11.48216007552586,54.0,,2.0,5.0,entropy,balanced
140,140,extra,random,0.611,0.012312595177297119,0.6223337466353882,0.015296512069066008,0.5558620801111892,0.008640929787326111,0.587181933886147,0.01093344768570764,276.6,4.498888751680798,168.0,9.338094023943002,154.0,14.0,8.0,8.0,gini,balanced
141,141,extra,random,0.6113999999999999,0.011001818031580065,0.6349614710398838,0.015490731558970378,0.5164884891679394,0.02303507122562859,0.5692598833826464,0.015234015635208167,257.0,11.366617790706258,148.0,11.966620241321273,168.0,10.0,3.0,8.0,gini,
142,142,extra,random,0.627,0.010430723848324247,0.6478591309274633,0.01731938936694614,0.5502379740289125,0.008150535589427143,0.5948786982216531,0.0066138656184142105,273.8,4.166533331199931,149.2,12.416118556135006,327.0,11.0,7.0,1.0,entropy,balanced
143,143,extra,random,0.609,0.006985699678629199,0.6360877566628865,0.010724372707321784,0.5011983547873587,0.01191395458721488,0.5605249652580617,0.008403888247999982,249.4,6.086049621881176,142.8,7.520638270785265,128.0,4.0,3.0,2.0,gini,balanced
144,144,extra,random,0.6226,0.01664451861725056,0.655483443670945,0.0212346913056037,0.5092458364645706,0.01915010123470835,0.5731246206438412,0.019495403045856275,253.4,9.520504188329523,133.2,8.908422980528034,409.0,9.0,6.0,9.0,gini,
145,145,extra,random,0.5892,0.013789851340750572,0.5989428190306637,0.021027274955785952,0.5321535639540051,0.013304976026157603,0.5632067490192426,0.008801814981513606,264.8,6.6452990903344595,178.0,17.1697408250678,87.0,14.0,4.0,7.0,entropy,balanced
146,146,extra,random,0.6083999999999999,0.012515590277729624,0.6596918318806961,0.027950155874619707,0.44293390867292104,0.009495599343784045,0.5296215674105229,0.008249804574397963,220.4,4.5431266766402185,114.4,14.8,461.0,4.0,4.0,2.0,gini,
147,147,extra,random,0.6198,0.015471263684650988,0.6459247450950569,0.014811835145493746,0.5208916147487334,0.031870972840766634,0.5764409412301664,0.0250230157564065,259.2,15.917286200857232,141.8,4.707440918375927,264.0,11.0,2.0,8.0,gini,
148,148,extra,random,0.6118,0.012172099243762361,0.6395798295801798,0.01698081115157837,0.5044128223154185,0.015953148359842254,0.5638601904035688,0.013894132731496135,251.0,8.07465169527454,141.6,9.76933979345585,133.0,8.0,5.0,4.0,gini,
149,149,extra,random,0.6007999999999999,0.009152048950918047,0.6491086422309705,0.0076039124395911465,0.4300881594789622,0.027432443477808058,0.5169505722104636,0.021119278980971136,214.0,13.461054936371072,115.6,6.1838499334961226,355.0,3.0,6.0,6.0,gini,
150,150,extra,random,0.613,0.009011104260855057,0.6327349602869741,0.008345615593473263,0.5293487834638352,0.019039344598522558,0.5763399095858937,0.014380690252924044,263.4,9.372299611087985,152.8,3.429285639896449,278.0,7.0,4.0,1.0,entropy,balanced
151,151,extra,random,0.6144000000000001,0.011757550765359266,0.6326923134982396,0.01372368266702905,0.5365744668816109,0.015245472732240787,0.5806373390929299,0.013929296864746199,267.0,7.615773105863909,155.0,6.29285308902091,458.0,13.0,4.0,6.0,entropy,balanced
152,152,extra,random,0.6184,0.01953048898517394,0.6335972036945418,0.017707345259546398,0.5506452368831463,0.038003396344035656,0.5889283536432226,0.02918687319925394,274.0,18.89973544788392,158.0,4.0,270.0,14.0,9.0,6.0,entropy,balanced
153,153,extra,random,0.608,0.023579652245103215,0.6243116645095845,0.027558492044594995,0.5333591912923323,0.039581032521123403,0.5746921756005194,0.030474952660937873,265.4,19.7038067388005,159.8,15.43243337908834,145.0,9.0,6.0,1.0,gini,balanced
154,154,extra,random,0.6084,0.023346091750012486,0.6496043320680067,0.03388015189235392,0.4634061396491398,0.02541868141810293,0.5407402358990566,0.027265952349551682,230.6,12.815615474880635,124.6,14.430523206037957,379.0,5.0,7.0,6.0,entropy,
155,155,extra,random,0.6254,0.022887551201471967,0.6540565501287935,0.02995638113649076,0.5261173466501822,0.028200006025600154,0.5828069060445688,0.025979011693456663,261.8,14.105318146004363,138.8,15.929846201391904,486.0,11.0,3.0,8.0,entropy,
156,156,extra,random,0.6044,0.016548111674750097,0.6173262611181876,0.014256331344680432,0.5373704071820481,0.03390624032170378,0.5743386164560618,0.025072694779865658,267.4,16.95405556201819,165.4,3.3823069050575527,94.0,9.0,6.0,3.0,entropy,balanced
157,157,extra,random,0.6136,0.021740285186721928,0.6310311860766199,0.021723545626011326,0.5357987281116416,0.04311984597912048,0.5790681316670249,0.03331356914251113,266.6,21.29413064672986,155.4,7.863841300535,218.0,11.0,5.0,3.0,entropy,balanced
158,158,extra,random,0.6138,0.012671227249165737,0.6338493918108395,0.016902630900691874,0.5309366237586159,0.02046369384024693,0.5776121159882974,0.015240810677361718,264.2,10.342146779078316,152.8,10.943491216243562,463.0,12.0,8.0,9.0,gini,balanced
159,159,extra,random,0.588,0.007797435475847178,0.6055026118588899,0.011510141267042128,0.49437346973406704,0.012797944550792814,0.5441950929831771,0.009232644456196534,246.0,6.356099432828281,160.4,8.309031231136396,61.0,8.0,9.0,8.0,gini,
160,160,extra,random,0.5975999999999999,0.01904310898986824,0.6465329246981337,0.031213104373275933,0.42282126493903177,0.021601491054389434,0.511099975179372,0.023693563024718083,210.4,10.836973747315254,115.2,12.023310692151309,410.0,3.0,4.0,9.0,entropy,
161,161,extra,random,0.6117999999999999,0.011838918869559003,0.6249148925739497,0.014146173300627422,0.5506492771892398,0.0256586021415977,0.5850997863735258,0.01662846988858536,274.0,12.696456198483101,164.6,11.11035552986492,128.0,10.0,5.0,4.0,gini,balanced
162,162,extra,random,0.6108,0.01939484467584107,0.6252952457245529,0.022879059736342983,0.5438041906054802,0.021664607943650365,0.5816384429832266,0.02141344214919599,270.6,10.855413396089528,162.2,10.943491216243562,493.0,,5.0,3.0,gini,balanced
163,163,extra,random,0.6222000000000001,0.004534313619501858,0.6454293339583608,0.011875622177937955,0.535772062091424,0.015303154884324044,0.5852011511428274,0.004898698101882217,266.6,7.6052613367326165,146.8,11.617228585166083,403.0,10.0,8.0,8.0,entropy,balanced
164,164,extra,random,0.6094,0.012175385004179551,0.6606453783125386,0.02346289062740858,0.4437241925448272,0.011012812141787155,0.530668226277799,0.011448146898485775,220.8,5.6,113.8,11.906300852909773,170.0,3.0,4.0,1.0,entropy,
165,165,extra,random,0.6204,0.01005186549850326,0.6439989740499946,0.011326417062959573,0.5301382592745226,0.022063051217263294,0.5813561049343208,0.016035186148985397,263.8,11.05260150371848,145.8,6.675327707311454,498.0,,4.0,9.0,gini,
166,166,extra,random,0.5962,0.010628264204469147,0.6310890954474354,0.014604328979016952,0.4537877869627403,0.01650330816486565,0.5278419750636509,0.014853332694294714,225.8,8.084553172563094,132.0,6.511528238439882,55.0,4.0,3.0,7.0,entropy,
167,167,extra,random,0.6174,0.014499655168313499,0.6634879805855565,0.019716282349107415,0.4694520536875874,0.02614451065455003,0.5494717172478916,0.021466687908605373,233.6,13.016912076218384,118.6,10.461357464497617,371.0,5.0,4.0,6.0,gini,
168,168,extra,random,0.6106,0.01474584687293342,0.6333631415865992,0.01948001417197454,0.5172933181417825,0.021598730788683098,0.5692191819531794,0.017709327575926605,257.4,10.63202708800161,149.2,12.12270596855339,263.0,13.0,9.0,8.0,gini,
169,169,extra,random,0.6212,0.01619135571840729,0.6419336461438581,0.022901889780640276,0.5414002084797944,0.007671990587392009,0.5873161484338063,0.013720051039798781,269.4,3.7735924528226414,150.6,12.753038853543888,341.0,6.0,3.0,6.0,gini,balanced
170,170,extra,random,0.6156,0.022659214461229697,0.6433710211566471,0.030358643689582392,0.5116570911412247,0.01992845639855817,0.5699152112979418,0.02327807186398981,254.6,9.911609354691095,141.4,14.361058456812994,460.0,14.0,9.0,5.0,entropy,
171,171,extra,random,0.6214000000000001,0.023929897617833658,0.6485117032266152,0.029550716577467263,0.5220899695360921,0.03297623655862217,0.5782016109198697,0.029681267290470527,259.8,16.54569430395715,140.8,13.166624472506234,495.0,14.0,2.0,7.0,entropy,
172,172,extra,random,0.623,0.012853015210447714,0.6497773678313175,0.01707098023478209,0.5265367304226969,0.026766885711865217,0.5812873430591088,0.01893024978155571,262.0,13.236313686219438,141.4,11.672189169131897,332.0,7.0,3.0,3.0,gini,balanced
173,173,extra,random,0.619,0.012992305415129383,0.6560280299622391,0.02162979541992139,0.494388014836004,0.01953437531465363,0.5634831630061125,0.014598719679593182,246.0,9.528903399657276,129.4,13.52922762023021,279.0,7.0,6.0,1.0,entropy,
174,174,extra,random,0.6108,0.005455272678794347,0.6299677779919951,0.007127668271728131,0.5281334593908834,0.013597933660736057,0.5744701631929873,0.008895399296777974,262.8,6.794115100585211,154.4,5.782732917920384,351.0,14.0,7.0,5.0,gini,
175,175,extra,random,0.6172000000000001,0.023523605165875424,0.6360103235371695,0.01995196181007539,0.53578095076483,0.04935039726579212,0.5810545387890511,0.03739801532072725,266.6,24.507957891264628,151.8,2.9257477676655586,326.0,9.0,6.0,7.0,gini,balanced
176,176,extra,random,0.609,0.011436782764396648,0.6232567280102634,0.011336639229862007,0.5414090971532003,0.022157397408846077,0.5793018203952494,0.0159832560860988,269.4,10.89219904335208,162.8,6.4621977685614045,370.0,,7.0,6.0,gini,balanced
177,177,extra,random,0.6108,0.004707440918375932,0.6443730718572799,0.008032705086271772,0.486744563768151,0.016280439629239415,0.5543474554606185,0.009819571397804538,242.2,7.984985911070851,133.8,7.730459236035075,99.0,5.0,9.0,7.0,entropy,
178,178,extra,random,0.6132000000000001,0.01490503270710938,0.6382441611274563,0.022616021601169718,0.5160763779463932,0.01781391199316096,0.5703870727323711,0.01483836156937439,256.8,8.885943956609225,146.0,14.352700094407323,232.0,3.0,7.0,4.0,entropy,balanced
179,179,extra,random,0.622,0.009444575162494084,0.6471308514137075,0.012909246105622597,0.5289390964259452,0.01575217730977698,0.5819626330916962,0.012101195195153567,263.2,7.833262411026457,143.6,7.631513611335565,459.0,5.0,5.0,8.0,gini,balanced
180,180,extra,random,0.6252000000000001,0.014985326155943366,0.6526633950909563,0.013312600036894408,0.5265520835858524,0.031193976622458645,0.5825915793469723,0.023559277147522407,262.0,15.31012736720371,139.2,4.578209256903839,291.0,4.0,8.0,6.0,gini,balanced
181,181,extra,random,0.6128,0.01771327186038764,0.6295322079017757,0.01865571942259144,0.5385752264591566,0.03194121354834064,0.5802061602138924,0.02462772103596349,268.0,15.974980438172686,157.6,9.850888284819801,303.0,11.0,3.0,2.0,gini,balanced
182,182,extra,random,0.6172,0.01490503270710938,0.6380073564519828,0.020372856955906297,0.5345567380184723,0.01480455329873208,0.5815634057975212,0.014434071819304471,266.0,7.536577472566709,151.2,12.237646832622683,367.0,9.0,8.0,9.0,entropy,balanced
183,183,extra,random,0.6174,0.01946894963782075,0.6463815177073104,0.0202464019766046,0.508869279936648,0.03354357255028805,0.5692061523983647,0.02800627707770611,253.2,16.4851448279959,138.2,5.878775382679627,343.0,3.0,6.0,2.0,gini,balanced
184,184,extra,random,0.6195999999999999,0.009178235124467022,0.6441139401500139,0.008064048279145981,0.5261335078745566,0.023832074109413213,0.578943606162317,0.016217692542915583,261.8,11.77115117564973,144.6,5.851495535331117,480.0,6.0,6.0,1.0,gini,balanced
185,185,extra,random,0.6118,0.01361469794009402,0.6286138402390589,0.01634446911845071,0.5377792861587194,0.02221806466316848,0.5794449577403429,0.017003014144865134,267.6,11.092339699089639,158.2,10.342146779078316,306.0,14.0,3.0,2.0,gini,balanced
186,186,extra,random,0.6188,0.010225458424931382,0.6571629940068997,0.012098683214483872,0.4895347991563841,0.03419601364783799,0.5604058715580834,0.022244871364737313,243.6,17.130090484291085,127.2,11.373653766490346,223.0,7.0,6.0,2.0,entropy,
187,187,extra,random,0.611,0.014156270695349124,0.6287931762490956,0.018252231893583604,0.5337850395545967,0.027311395741135773,0.5770067333710049,0.019105537486288182,265.6,13.365627557282897,157.0,12.806248474865697,157.0,7.0,8.0,3.0,entropy,balanced
188,188,extra,random,0.612,0.014724129855444783,0.6318674687510665,0.016906184800911075,0.527338327151665,0.022547933192050593,0.5747767001704738,0.0193463405224681,262.4,11.146299834474219,152.8,7.0823724838503095,324.0,14.0,4.0,2.0,gini,
189,189,extra,random,0.6097999999999999,0.006431174076325416,0.6251640954606563,0.0075546808138952795,0.5389849134970466,0.009997980831820215,0.5788584481339605,0.008321807667863433,268.2,5.035871324805668,160.8,3.655133376499413,113.0,9.0,2.0,6.0,entropy,balanced
190,190,extra,random,0.5873999999999999,0.01149956520917205,0.6253769517150379,0.020531012479254648,0.4276526629657463,0.012462908853127314,0.5077411465992492,0.011678798383056561,212.8,6.209669878504009,127.8,11.320777358467925,128.0,3.0,6.0,6.0,gini,
191,191,extra,random,0.6144000000000001,0.03072848841059387,0.6399165255082461,0.03882849337468166,0.5148537813224731,0.03310522303896191,0.5705141206749709,0.03494568244519354,256.2,16.618062462272793,144.2,16.14187101918486,483.0,14.0,5.0,7.0,gini,
192,192,extra,random,0.609,0.022733235581412534,0.6261419314713335,0.025713799955194398,0.5313422704904124,0.03188645206696035,0.5746442634745039,0.02754656497135149,264.4,15.9449051423958,157.8,11.7881296226331,148.0,7.0,9.0,7.0,entropy,balanced
193,193,extra,random,0.6232,0.020817300497422832,0.6427244171514875,0.02439697037130118,0.5466275565036808,0.032101022786752656,0.5904933456117989,0.02616544808242202,272.0,15.924823389915506,151.2,11.93984924527944,288.0,10.0,8.0,7.0,entropy,balanced
194,194,extra,random,0.6178,0.021094074997496354,0.6359155818160653,0.021722349690236974,0.5410220358294344,0.03240648256175728,0.5845131161654757,0.027807453508666445,269.2,15.917286200857232,153.8,6.209669878504009,275.0,11.0,4.0,7.0,gini,balanced
195,195,extra,random,0.6218,0.01142628548566857,0.6412650089393858,0.015035805765805604,0.5454332420224156,0.018541195775651043,0.5892693460875764,0.013428245755586807,271.4,9.00222194794152,152.0,10.178408519999577,341.0,11.0,3.0,6.0,entropy,balanced
196,196,extra,random,0.5886,0.012338557452149755,0.5948520855656377,0.01552175872529166,0.5446138679466357,0.013380005763804038,0.568492266700687,0.011389223399501016,271.0,6.663332499583072,184.8,11.338430226446693,78.0,12.0,2.0,8.0,gini,balanced
197,197,extra,random,0.6235999999999999,0.016620469307453402,0.6443695147399557,0.016770515253133035,0.5430195631621052,0.0286021611512706,0.5891555940957326,0.022595564186547262,270.2,14.105318146004363,149.0,7.771743691090179,323.0,10.0,6.0,4.0,gini,balanced
198,198,extra,random,0.6208,0.010107423014794632,0.6328440057590317,0.008234779071581452,0.5663014229958061,0.028649523510296787,0.5974293372421747,0.018194624365845194,281.8,14.427751037497147,163.4,6.887670143089026,304.0,,9.0,3.0,entropy,balanced
199,199,extra,random,0.6266,0.021341040274550836,0.6690271740934322,0.02947138807381486,0.49438720677478526,0.021886054815825364,0.5685269284422231,0.024283084997288137,246.0,10.73312629199899,121.8,11.872657663724663,470.0,7.0,8.0,1.0,entropy,
